Site,14_M,15_F,15_M,16_F,16_M,17_F,17_M,18_F,18_M,19_F,19_M,20_F,20_M,21_F,21_M,22_F,22_M,23_F,23_M,24_F,24_M,25_F,25_M,26_F,26_M,27_F,27_M,28_F,28_M,29_F,29_M,30_F,30_M,31_F,31_M,32_F,32_M,33_F,33_M,34_F,34_M,35_F,35_M,36_F,36_M,37_F,37_M,38_F,38_M,39_F,39_M,40_F,40_M,41_F,41_M,42_F,42_M,43_F,43_M,44_F,44_M,45_F,45_M,46_F,46_M,47_F,47_M,48_F,48_M,49_F,49_M,50_F,50_M,51_F,51_M,52_F,52_M,53_F,53_M,54_F,54_M,55_F,55_M,56_F,56_M,57_F,57_M,58_F,58_M,59_F,59_M,60_F,60_M,61_F,61_M,62_F,62_M,63_F,63_M,64_F,64_M,65_F,65_M,66_F,66_M,67_F,67_M,68_F,68_M,69_F,69_M,70_F,70_M,71_F,71_M,72_F,72_M,73_F,73_M,74_F,74_M,75_F,75_M,76_F,76_M,77_F,77_M,78_F,78_M,79_F,79_M,80_F,80_M,81_F,81_M,82_F,82_M,83_F,83_M,84_F,84_M,85_F,85_M,86_F,86_M,87_F,87_M,88_F,88_M,89_F,89_M,90_F,90_M,91_F,91_M,92_F,92_M,93_F,93_M,94_F,94_M,95_F,95_M,96_F,96_M,97_F,97_M,98_F,99_F,102_F
Albania_Big_city,0,0,0,0,0,0,1,0,0,1,1,0,0,0,2,0,0,1,2,0,0,1,0,0,0,2,0,1,0,2,0,0,0,0,0,0,3,0,0,0,0,1,1,1,1,0,1,0,1,0,1,1,1,0,0,1,3,2,0,0,1,0,0,1,4,0,1,0,0,1,1,0,1,0,1,2,0,1,0,0,1,0,1,4,0,0,0,1,1,0,1,1,0,0,2,1,1,0,0,1,0,0,1,0,0,1,1,0,1,1,0,0,2,0,0,1,0,0,1,1,0,0,0,0,3,0,0,1,1,0,0,0,0,0,1,1,0,0,0,0,1,0,0,0,0,0,0,0,0,0,0,0,0,0,0,0,0,0,0,0,1,0,0,0,0,0,0,0,0,0
Albania_Country_village,0,0,0,0,0,0,0,0,0,0,0,0,0,0,1,0,0,1,0,0,0,0,0,0,0,0,2,0,0,1,0,0,1,0,0,0,0,0,0,0,0,0,1,0,0,0,0,0,0,0,0,1,1,0,1,0,1,0,0,1,0,0,0,1,1,0,0,1,1,2,1,2,3,0,0,0,0,1,0,0,1,1,2,1,1,1,2,0,0,0,2,0,0,1,0,1,1,0,1,4,0,1,0,0,0,0,0,1,0,0,1,0,0,0,1,0,0,1,0,0,1,0,0,0,0,0,0,0,1,1,0,0,0,0,0,0,0,0,0,0,0,0,0,0,0,0,0,0,0,0,0,0,0,0,0,0,0,0,0,0,0,0,0,0,0,0,0,0,0,0
Albania_Farm_or_home_in_countryside,0,0,0,0,0,0,0,0,0,0,0,0,1,0,0,0,0,0,0,0,0,0,0,0,0,0,0,0,0,0,0,0,1,0,0,0,0,0,0,0,0,0,0,0,0,0,0,0,0,0,0,0,0,0,0,0,0,0,0,0,0,0,0,2,0,0,0,0,0,1,0,0,0,0,0,0,1,0,1,0,0,0,0,0,0,1,0,0,1,0,0,0,0,0,0,0,0,0,0,0,0,0,0,0,0,0,0,0,0,0,1,0,0,0,0,0,0,0,0,0,0,1,0,0,0,0,0,0,0,0,0,0,0,0,0,0,0,0,0,0,0,0,0,0,0,0,0,0,0,0,0,0,0,0,0,0,0,0,0,0,0,0,0,0,0,0,0,0,0,0
Albania_Suburbs_or_outskirts_of_big_city,0,0,0,0,0,0,0,0,0,0,0,0,1,1,1,0,0,0,1,0,2,2,1,0,0,0,1,0,0,1,0,1,1,0,0,0,1,0,0,0,0,0,1,1,0,0,0,1,1,0,0,1,0,0,1,1,0,0,0,0,1,0,0,0,0,0,1,0,0,0,1,0,0,2,1,0,0,1,0,0,0,1,0,0,0,0,0,1,1,1,0,2,1,0,1,0,0,0,0,0,0,0,0,0,0,0,0,0,0,0,0,0,0,0,0,0,0,0,0,0,1,0,0,0,0,0,0,0,0,0,0,0,1,1,0,0,0,0,0,0,0,0,0,0,0,0,0,0,0,0,0,0,0,0,0,0,0,0,0,0,0,0,0,0,0,0,0,0,0,0
Albania_Town_or_small_city,0,0,0,1,1,0,0,0,1,0,0,0,1,0,1,0,0,0,0,0,1,0,0,0,0,0,0,0,0,0,0,0,1,0,0,0,0,1,1,0,0,0,0,1,1,0,0,0,0,1,0,1,0,0,0,1,0,0,0,0,0,0,1,0,0,1,0,0,1,0,0,0,0,0,1,0,0,0,1,0,0,0,0,1,0,0,0,0,0,0,0,1,0,0,0,0,0,0,0,0,0,0,0,1,0,0,0,0,0,0,0,0,0,1,0,0,0,1,3,0,1,1,0,0,0,0,0,0,0,0,0,0,0,0,0,0,0,0,1,0,0,0,0,0,0,0,0,0,0,0,0,0,0,0,0,0,0,0,0,0,0,0,0,0,0,0,0,0,0,0
Austria_Big_city,0,0,1,0,1,0,1,0,1,6,4,4,4,7,3,5,6,2,4,2,2,4,6,8,8,6,3,4,7,5,7,10,8,1,3,7,8,4,2,8,6,6,3,7,11,8,8,4,8,8,4,8,8,6,8,9,9,8,3,4,11,3,8,1,2,7,4,13,5,6,2,5,4,10,3,8,6,6,4,9,6,8,6,5,1,3,5,7,7,3,6,8,6,5,3,10,1,6,2,5,6,4,4,3,1,2,0,5,2,5,2,8,2,2,4,4,2,3,4,3,2,6,1,3,4,2,4,3,0,4,2,4,2,3,0,2,2,2,0,0,1,2,1,1,0,0,2,1,0,0,0,0,0,0,0,0,0,0,1,0,0,0,0,0,1,0,0,0,0,0
Austria_Country_village,0,0,0,1,1,2,3,5,5,2,5,1,3,2,3,7,3,4,2,3,2,5,6,8,1,5,6,5,3,8,3,6,5,5,4,5,2,4,7,4,5,7,1,14,5,8,3,6,6,9,8,12,12,10,7,13,6,15,8,18,7,12,10,11,10,11,3,14,5,12,8,9,9,10,7,10,5,6,7,10,9,9,11,9,4,4,10,10,6,12,5,7,7,6,4,5,6,5,5,6,6,6,8,6,7,8,8,2,4,4,9,3,4,3,5,6,8,4,4,3,7,6,8,4,4,3,2,1,2,2,1,4,5,4,2,1,4,0,1,1,1,1,0,3,1,1,0,0,1,0,1,0,0,0,0,0,0,0,0,0,0,0,0,0,0,0,0,0,0,0
Austria_Farm_or_home_in_countryside,0,0,0,1,1,2,0,1,3,2,2,4,1,3,2,3,2,3,2,3,1,0,1,2,2,0,2,5,0,6,1,4,2,2,2,1,3,5,1,1,3,3,4,4,2,2,5,10,6,7,3,6,3,6,4,6,6,3,2,10,6,3,3,7,5,7,8,7,4,7,3,5,7,9,5,2,2,6,6,7,1,8,6,3,8,5,7,8,2,5,5,4,4,0,5,1,6,5,2,3,5,4,3,4,5,5,7,2,1,3,1,5,5,6,4,2,2,0,0,3,2,3,3,0,4,2,3,2,6,1,1,3,1,1,3,1,0,0,1,1,0,1,2,0,0,0,0,0,0,0,0,0,0,0,0,0,0,0,0,0,0,0,0,0,0,0,0,0,0,0
Austria_Suburbs_or_outskirts_of_big_city,0,0,0,0,0,2,4,1,1,1,1,5,1,1,4,3,2,2,2,5,1,1,0,3,1,6,2,2,2,5,5,2,3,3,1,2,3,5,6,5,2,5,5,4,7,5,7,11,5,10,0,6,6,6,1,8,3,6,6,5,9,11,10,6,4,9,6,3,4,2,3,7,4,5,6,1,4,4,5,2,5,9,4,4,8,4,1,2,8,5,3,5,7,5,1,5,3,3,5,3,3,7,3,4,4,5,5,6,5,3,2,6,5,4,2,3,2,3,0,4,6,3,0,2,4,3,3,3,2,2,0,2,1,3,1,3,0,0,0,3,2,1,0,0,2,1,0,0,0,0,1,1,0,0,0,0,0,0,1,0,0,0,0,0,0,0,0,0,0,0
Austria_Town_or_small_city,0,0,0,2,1,0,0,3,4,2,2,5,3,5,1,0,3,7,5,7,5,7,4,8,2,5,9,8,3,2,2,6,3,3,0,6,6,7,3,5,8,7,7,6,2,3,3,3,3,6,4,3,2,5,3,8,1,2,6,7,4,3,7,6,5,6,7,8,6,9,7,9,8,5,8,6,5,3,6,3,2,10,2,5,2,3,1,6,3,8,2,3,3,8,5,1,4,8,6,1,3,4,1,1,5,4,4,4,3,3,7,5,3,3,6,4,6,1,3,3,1,2,3,2,3,1,2,3,1,1,2,1,3,2,2,2,0,0,1,0,2,1,1,0,0,1,1,0,0,0,0,0,0,0,0,0,0,0,0,0,0,0,0,0,0,0,0,0,0,0
Belgium_Big_city,0,0,1,1,0,1,1,0,3,5,5,2,4,1,3,2,3,7,4,6,4,4,11,2,9,5,3,5,3,3,4,6,5,8,11,8,6,4,4,4,9,5,8,7,7,5,2,6,7,3,5,8,6,5,3,2,3,3,5,3,5,5,3,5,11,2,4,4,6,5,6,2,5,4,4,5,5,7,2,7,5,2,7,3,5,2,4,1,5,6,3,2,2,3,4,2,3,2,5,3,2,4,1,1,4,1,0,1,1,1,3,3,5,2,2,1,5,0,1,2,2,0,1,2,2,1,3,1,0,4,2,5,2,1,3,1,1,1,2,1,0,0,0,1,0,0,1,0,0,0,0,0,0,0,0,0,0,0,0,0,0,0,0,0,0,0,0,0,0,0
Belgium_Country_village,0,0,1,4,4,8,6,4,4,8,9,10,9,9,9,6,7,6,13,18,10,12,8,4,11,11,9,6,8,8,10,5,9,11,11,11,11,8,11,13,16,13,8,11,10,14,11,11,15,15,10,8,19,16,10,23,11,12,14,18,17,16,12,8,12,11,10,20,13,16,12,18,15,14,10,14,14,14,15,13,12,13,15,12,10,8,12,19,5,11,11,9,13,13,9,8,15,7,3,11,11,5,7,6,10,8,10,8,13,2,11,6,5,5,7,7,12,4,9,6,6,6,5,5,2,5,3,6,5,5,4,4,4,5,4,4,6,6,6,3,2,1,1,3,1,1,1,3,0,0,1,0,2,2,1,0,0,0,0,0,0,0,0,0,0,0,0,0,1,0
Belgium_Farm_or_home_in_countryside,0,3,2,1,0,0,3,5,1,5,6,6,3,1,1,5,4,4,2,6,9,3,8,6,3,2,3,6,4,1,2,6,4,5,2,3,3,7,11,2,6,5,7,6,5,1,7,6,5,6,5,3,4,5,8,10,9,7,8,8,10,7,7,5,8,6,10,8,7,7,19,6,8,8,5,4,10,12,13,8,11,8,16,6,6,9,8,6,7,6,9,4,2,8,7,2,5,6,8,3,8,9,11,7,7,3,8,2,3,3,7,2,6,5,3,3,4,3,6,3,1,5,4,5,3,2,5,5,3,2,2,3,3,2,1,1,0,1,4,1,0,2,1,0,0,1,0,2,1,0,0,0,0,0,1,0,0,0,0,0,0,0,0,0,0,0,0,0,0,0
Belgium_Suburbs_or_outskirts_of_big_city,0,1,1,2,1,2,3,3,2,3,6,4,6,2,5,7,5,4,5,1,4,3,9,5,5,4,3,9,5,7,0,3,5,5,9,7,2,9,4,4,10,8,6,11,11,4,6,5,5,6,5,14,7,7,6,4,5,8,10,9,4,11,10,11,10,4,8,11,10,6,2,10,8,9,3,14,8,12,6,8,7,10,8,7,7,10,10,4,9,10,8,4,5,6,10,10,7,4,4,5,5,7,6,3,9,10,10,2,3,2,2,6,4,3,7,7,7,8,6,4,2,2,2,2,3,2,1,3,3,3,4,1,3,4,2,3,1,2,4,1,1,1,7,0,1,1,0,1,1,0,0,0,0,0,0,0,0,0,0,0,0,0,0,0,0,0,0,0,0,0
Belgium_Town_or_small_city,0,0,0,1,3,4,1,5,2,5,5,2,1,4,3,7,6,2,6,8,4,7,3,2,9,4,9,6,6,5,5,5,7,8,3,6,2,11,1,11,7,5,6,6,6,6,8,5,12,3,13,8,3,4,9,7,3,4,7,5,2,2,7,5,9,4,4,5,3,5,10,6,2,6,7,7,4,3,2,6,8,2,4,4,2,4,4,2,5,4,7,3,3,9,5,2,3,7,8,4,4,4,4,5,2,5,4,3,3,2,4,3,6,2,6,4,1,3,4,1,5,5,2,0,4,0,3,0,3,1,2,5,1,0,2,2,0,0,0,0,3,2,1,0,0,2,0,1,0,1,0,1,0,0,1,1,0,0,0,0,0,0,0,0,0,0,0,0,0,0
Bulgaria_Big_city,0,0,0,0,0,0,1,4,1,2,0,2,2,5,3,6,7,3,8,4,1,2,2,8,4,4,3,7,9,6,2,10,3,7,10,8,9,10,7,5,6,8,8,16,5,11,6,8,5,11,5,16,5,3,4,10,11,10,9,8,10,6,6,10,5,11,5,12,12,12,13,14,4,11,7,12,6,16,8,12,5,12,5,12,5,15,6,15,5,12,7,8,11,14,8,14,10,10,7,9,5,13,8,14,8,12,8,10,9,12,7,7,4,9,5,5,6,8,6,6,2,12,4,8,2,6,6,5,1,5,6,6,2,5,3,4,2,6,2,3,0,1,3,1,1,2,1,0,0,1,0,0,1,0,0,0,0,0,0,0,0,0,0,0,0,0,0,0,0,0
Bulgaria_Country_village,0,0,0,0,0,0,0,0,0,0,0,0,2,3,1,2,1,1,0,2,0,4,0,1,2,2,3,0,1,0,1,2,2,1,2,1,1,1,2,3,0,3,2,4,3,2,5,3,4,8,5,3,6,5,4,5,3,3,3,4,1,2,2,2,4,6,3,4,4,7,4,7,9,3,2,2,4,5,6,3,2,7,3,3,5,4,7,11,8,7,6,5,3,4,6,8,6,4,6,4,6,3,10,5,3,5,3,4,10,7,13,4,8,7,6,4,12,2,5,7,3,4,11,5,4,1,4,8,4,5,2,2,2,2,3,4,5,2,4,5,2,2,2,0,0,4,0,1,0,0,0,0,0,0,0,0,0,0,0,0,0,0,0,0,0,0,0,0,0,0
Bulgaria_Farm_or_home_in_countryside,0,0,0,0,0,0,0,0,0,0,0,0,0,0,0,0,0,0,0,0,0,0,0,0,0,0,0,0,0,1,0,0,0,0,0,1,0,0,0,0,0,0,0,0,0,0,0,0,0,0,0,0,0,0,1,0,1,0,1,0,0,0,0,0,0,1,0,0,0,2,0,0,1,0,0,0,0,0,1,1,0,0,0,0,1,0,0,0,1,0,1,0,0,1,0,0,1,0,0,0,0,0,0,0,2,1,0,0,0,0,0,0,0,0,0,0,0,0,1,0,0,0,1,0,0,0,0,0,0,0,0,0,0,0,0,0,0,0,0,0,0,0,0,0,0,0,0,0,0,0,0,0,0,0,0,0,0,0,0,0,0,0,0,0,0,0,0,0,0,0
Bulgaria_Suburbs_or_outskirts_of_big_city,0,0,0,0,0,0,0,0,0,0,0,1,0,0,0,0,0,1,0,1,0,1,2,0,0,0,0,0,1,2,0,1,0,0,1,1,0,0,1,0,0,2,1,1,2,1,0,5,0,0,0,1,1,1,0,0,0,1,1,1,2,3,0,1,1,3,4,0,1,1,2,0,0,0,0,1,1,3,0,1,0,2,1,2,0,2,3,2,2,2,1,1,1,3,0,2,0,1,0,1,0,2,0,0,0,0,2,1,0,2,3,1,0,1,2,2,1,2,1,1,2,1,2,0,0,1,0,2,0,1,1,1,0,0,1,0,0,1,0,1,0,0,0,0,0,1,0,0,0,0,0,0,0,0,0,0,0,0,0,0,0,0,0,0,0,0,0,0,0,0
Bulgaria_Town_or_small_city,0,0,0,0,0,0,0,1,0,0,1,1,0,1,0,0,0,0,0,2,1,3,1,3,2,3,0,0,3,3,8,1,1,5,2,0,3,4,3,1,4,3,2,2,2,3,2,6,1,1,2,3,3,3,2,7,7,2,3,4,4,1,3,4,5,2,1,6,2,4,1,12,5,4,3,4,1,5,3,3,1,7,6,2,4,4,2,7,6,4,7,4,7,8,4,5,6,5,1,3,2,6,2,3,4,7,3,1,2,6,3,5,4,3,3,5,3,2,2,5,0,2,3,1,1,2,3,4,1,4,1,3,0,0,2,1,3,0,3,0,1,0,0,0,0,0,1,1,1,0,0,2,0,0,0,0,0,0,0,0,0,0,0,0,0,0,0,0,0,0
Croatia_Big_city,0,0,0,0,0,0,0,1,0,3,1,4,1,3,2,3,1,2,2,1,4,1,3,3,0,1,2,1,0,3,3,3,1,3,3,2,1,3,1,3,0,1,2,4,3,1,0,1,3,3,2,3,2,2,3,7,1,2,0,1,2,2,2,2,1,4,4,2,1,5,0,3,1,3,3,3,1,4,2,2,2,4,3,3,3,2,1,3,2,1,3,2,1,4,2,2,3,1,5,5,2,1,4,2,3,2,3,6,1,5,3,4,2,2,3,2,2,2,1,1,2,2,0,2,2,0,1,3,1,1,1,2,0,0,1,1,2,0,1,1,0,1,0,0,0,1,0,0,0,2,0,0,0,0,0,0,0,0,0,0,0,0,0,0,0,0,0,0,0,0
Croatia_Country_village,0,0,0,1,1,0,0,0,0,0,0,3,1,0,1,1,2,0,0,2,3,2,5,0,3,3,2,2,0,1,4,0,2,3,1,3,3,1,0,2,3,2,0,5,3,4,2,2,1,1,5,3,0,0,4,2,5,3,3,2,1,5,2,3,1,2,4,2,2,1,2,0,1,2,4,0,6,6,4,5,5,4,0,3,8,1,2,5,4,3,4,6,1,3,4,1,2,3,2,2,2,2,2,3,2,3,3,2,3,2,1,1,1,2,1,3,0,0,3,0,2,2,1,0,2,1,0,1,1,0,1,0,2,0,0,1,0,1,0,0,0,0,0,0,1,0,0,0,0,0,0,0,0,0,0,0,0,0,0,0,0,0,0,0,0,0,0,0,0,0
Croatia_Farm_or_home_in_countryside,0,0,0,0,0,0,0,0,0,0,0,0,0,0,0,0,0,0,0,0,0,0,0,0,0,0,0,0,1,0,0,0,0,0,0,0,0,0,0,0,0,0,1,0,0,0,0,0,0,0,0,0,0,0,0,0,0,0,0,0,0,0,1,0,1,0,1,0,0,0,0,0,1,0,0,0,1,0,0,0,0,0,0,0,0,0,0,0,0,0,0,1,0,0,1,0,0,0,0,0,0,0,0,0,1,0,1,0,0,0,0,0,0,0,0,0,0,0,0,0,0,0,0,0,0,0,0,0,0,0,1,0,0,0,0,0,0,0,0,0,0,0,0,0,0,0,0,0,0,0,0,0,0,0,0,0,0,0,0,0,0,0,0,0,0,0,0,0,0,0
Croatia_Suburbs_or_outskirts_of_big_city,0,0,0,0,0,0,0,0,0,1,0,0,1,3,0,2,1,0,0,0,0,0,1,1,3,1,2,2,0,0,1,1,1,2,2,0,0,1,0,4,0,1,1,0,3,1,0,1,2,1,0,3,0,0,1,2,1,0,0,0,0,3,2,1,1,1,2,2,2,1,4,1,3,1,1,2,2,2,0,1,1,1,1,2,1,1,4,1,3,3,2,3,2,1,1,1,2,5,1,1,2,1,3,1,1,2,3,1,1,2,0,1,1,0,3,0,0,2,3,1,0,1,2,1,0,1,1,0,0,1,0,1,0,0,0,1,0,0,0,0,0,0,0,1,0,0,0,0,0,0,0,0,0,0,0,0,0,0,0,0,0,0,0,0,0,0,0,0,0,0
Croatia_Town_or_small_city,0,0,0,0,0,0,0,1,0,1,0,0,0,0,0,1,0,0,0,0,1,1,1,3,1,1,0,2,1,2,2,1,0,3,0,0,2,2,1,1,0,6,1,2,1,2,1,3,2,1,2,2,2,1,1,4,1,0,1,3,1,3,1,4,2,3,0,0,2,0,2,2,2,4,0,2,1,1,0,3,2,0,1,4,2,1,2,3,4,6,2,2,3,3,0,1,2,1,4,0,3,1,3,3,2,0,1,1,2,1,1,3,1,1,0,1,1,1,2,2,1,1,0,3,0,0,0,1,0,0,1,1,0,2,1,0,0,0,0,0,1,0,0,0,0,0,0,0,0,0,0,1,0,0,0,0,0,0,0,0,0,0,0,0,0,0,0,0,0,0
Cyprus_Big_city,0,0,0,0,0,0,0,1,0,0,0,1,0,0,2,1,1,6,0,3,5,2,2,2,6,9,7,6,4,6,5,5,8,3,4,1,3,4,6,6,2,5,1,8,1,4,1,3,3,2,3,8,3,2,3,5,5,3,3,6,3,5,1,3,6,1,1,1,3,3,3,3,2,3,3,2,2,4,3,3,2,3,2,4,4,2,3,4,2,3,2,4,2,4,1,2,4,3,5,6,4,2,1,3,4,5,1,5,2,2,3,2,4,1,7,5,2,1,2,3,3,0,3,0,2,0,4,3,3,3,2,1,3,0,1,2,0,0,0,1,1,0,0,0,0,0,0,1,0,0,0,0,0,0,0,0,0,0,0,0,0,0,0,0,0,0,0,0,0,0
Cyprus_Country_village,0,0,0,0,0,0,0,2,0,1,1,2,1,0,0,0,2,1,1,1,2,8,1,2,3,1,1,0,4,3,3,6,3,1,2,1,5,2,3,6,1,2,0,1,2,4,5,4,4,1,0,1,1,3,1,2,2,2,1,0,4,4,1,4,6,4,3,3,7,0,4,3,1,2,4,1,4,4,6,1,0,2,2,2,5,6,2,4,1,2,3,1,4,2,2,1,2,3,1,1,6,0,2,0,1,2,3,3,7,0,2,1,0,1,4,3,1,0,1,1,1,1,1,0,0,0,1,0,1,0,1,0,1,1,4,0,1,1,3,1,0,1,0,0,2,0,1,0,0,0,2,0,0,0,0,0,0,0,0,0,0,0,0,0,0,0,0,0,0,0
Cyprus_Farm_or_home_in_countryside,0,0,0,0,0,0,0,0,0,0,0,0,0,0,0,0,0,0,0,0,0,0,0,0,0,0,0,0,0,0,0,0,0,0,0,0,0,0,0,0,0,0,0,0,0,0,0,0,0,0,0,0,0,0,0,0,0,0,0,0,0,0,0,0,0,0,0,0,0,0,0,0,0,1,0,0,0,0,0,0,0,0,0,0,0,0,0,0,0,0,0,0,0,0,0,0,0,0,0,0,0,0,0,0,0,0,0,0,0,0,0,0,0,0,0,0,0,0,0,0,0,0,0,0,0,0,0,0,0,0,0,0,0,0,0,0,0,0,0,0,0,0,0,0,0,0,0,0,0,0,0,0,0,0,0,0,0,0,0,0,0,0,0,0,0,0,0,0,0,0
Cyprus_Suburbs_or_outskirts_of_big_city,0,0,0,0,1,0,0,0,1,0,0,0,0,3,1,1,0,2,1,0,1,2,2,3,3,0,1,3,3,2,1,2,6,3,0,0,2,3,2,2,1,2,4,3,2,2,5,5,2,4,4,4,1,2,3,3,5,0,0,3,1,5,1,3,1,2,5,4,3,2,1,1,1,2,3,4,1,1,3,5,5,3,6,1,2,1,1,1,4,2,5,5,4,1,3,1,3,2,4,3,3,2,2,3,0,2,2,1,3,3,5,2,1,1,2,0,1,1,0,1,1,2,0,1,3,0,1,0,5,0,0,0,1,0,3,1,0,0,0,1,0,1,0,2,1,0,0,0,0,0,0,1,1,0,0,1,0,0,0,0,0,0,0,0,0,0,0,0,0,0
Cyprus_Town_or_small_city,0,0,0,0,0,0,1,0,0,1,0,0,1,0,0,2,0,0,1,3,0,1,2,1,2,0,1,2,1,2,0,0,0,1,1,0,1,2,2,0,1,1,0,1,1,0,0,2,0,0,0,1,1,2,3,2,1,2,1,3,2,1,2,0,1,0,1,2,0,3,1,1,1,0,1,0,3,2,1,1,2,0,0,3,1,0,1,1,0,1,1,0,2,1,1,1,2,0,1,0,4,1,1,1,2,1,1,0,1,1,2,0,3,2,0,1,1,1,1,0,1,0,0,0,1,1,1,2,0,0,0,0,1,0,0,0,0,0,0,0,0,0,0,0,0,1,0,0,0,0,0,0,0,0,0,0,0,0,0,0,0,0,0,0,0,0,0,0,0,0
Czechia_Big_city,0,4,0,0,0,2,0,1,1,1,1,2,7,5,4,2,4,6,4,3,9,8,11,11,7,10,6,20,12,10,8,6,12,15,17,8,7,6,10,10,12,7,6,9,13,9,4,13,5,10,16,8,14,12,10,12,5,10,9,10,5,9,10,11,9,7,5,5,6,5,9,7,11,13,7,10,8,8,9,8,7,8,12,8,7,8,5,12,12,10,6,9,10,6,10,5,9,9,8,12,3,10,11,7,6,6,1,15,11,5,6,2,6,6,4,9,4,6,6,5,3,4,2,4,4,2,2,7,2,1,3,2,2,3,2,0,3,1,0,2,0,1,1,0,0,1,0,0,0,0,0,0,0,0,0,0,0,0,0,0,0,0,0,0,0,0,0,0,0,0
Czechia_Country_village,0,0,0,0,0,0,0,0,0,0,4,1,3,2,0,2,3,3,6,1,5,3,3,2,4,4,5,2,6,8,3,9,4,9,6,5,3,6,9,5,7,9,8,6,7,9,7,7,12,12,5,5,7,6,9,4,9,9,9,8,6,7,4,7,7,8,4,8,11,6,7,8,12,8,7,6,8,11,3,4,13,4,5,9,1,15,4,6,7,9,8,5,8,9,8,8,9,6,8,9,5,6,4,5,8,6,8,5,4,2,6,7,4,5,6,2,4,2,6,4,3,2,2,4,5,4,1,4,3,3,2,5,1,1,1,0,0,0,1,2,1,0,0,0,0,0,1,0,1,0,0,0,0,0,0,0,0,0,0,0,0,0,0,0,0,0,0,0,0,0
Czechia_Farm_or_home_in_countryside,0,0,0,0,0,0,0,0,0,0,0,0,0,0,0,0,0,1,0,0,0,0,0,0,0,1,0,0,0,1,1,0,0,1,1,0,0,1,0,0,0,0,1,0,2,0,0,1,1,0,0,0,0,1,0,1,1,0,1,1,0,0,2,1,0,0,1,0,0,0,1,1,1,1,2,1,1,0,0,0,0,1,0,0,0,2,1,0,1,0,1,0,2,1,2,0,0,1,0,1,0,0,1,0,1,0,2,0,0,1,0,2,0,0,0,0,0,1,0,0,1,1,0,0,1,0,0,1,0,0,0,1,0,0,0,0,0,0,0,0,1,0,0,0,0,0,0,0,0,0,0,0,0,0,0,0,0,0,0,0,0,0,0,0,0,0,0,0,0,0
Czechia_Suburbs_or_outskirts_of_big_city,0,1,0,0,1,0,0,0,0,0,0,2,1,1,1,1,0,1,1,1,1,3,4,2,1,2,1,4,0,4,2,3,7,3,3,3,2,0,5,1,5,4,2,2,2,4,2,6,1,3,4,3,10,7,2,1,7,1,1,5,2,3,3,2,2,3,2,2,3,2,2,7,2,2,3,2,0,2,3,2,4,0,5,4,3,2,1,3,1,0,3,7,4,2,5,6,2,4,3,5,1,2,6,4,4,3,5,2,1,3,3,0,3,2,6,1,3,4,2,1,2,1,0,0,1,1,1,1,1,1,0,1,1,1,0,1,1,0,1,0,0,0,0,1,0,0,0,0,0,0,0,0,0,0,0,0,0,0,0,0,0,0,0,0,0,0,0,0,0,0
Czechia_Town_or_small_city,0,0,0,0,0,1,1,1,0,2,3,0,3,3,3,0,4,4,5,6,5,2,11,5,6,7,5,6,5,8,13,7,9,13,5,11,7,11,11,7,10,8,10,5,14,10,10,11,11,11,10,16,10,10,9,8,7,17,17,8,11,14,16,14,10,11,10,10,11,9,10,17,12,8,6,13,10,15,8,12,16,10,16,16,13,11,8,10,9,16,9,17,10,6,11,12,8,14,10,8,6,17,15,11,14,7,6,8,3,12,8,9,7,7,10,7,9,7,6,7,5,0,8,1,0,5,0,4,1,2,3,4,3,0,0,4,1,2,1,2,2,1,0,2,0,2,0,0,1,1,0,0,0,0,0,0,0,1,0,0,0,0,0,0,0,0,0,0,0,0
Denmark_Big_city,0,0,1,0,1,1,0,0,0,1,2,1,8,4,6,5,11,6,6,7,10,4,10,9,7,12,6,9,11,11,3,6,8,5,10,4,4,6,4,8,5,5,6,3,8,5,7,4,2,6,4,5,2,4,6,2,2,5,4,5,3,4,5,3,5,4,2,2,4,3,3,2,4,1,5,2,3,3,9,2,1,2,2,1,3,2,3,4,3,4,4,4,3,1,1,3,4,5,3,2,3,2,1,1,3,2,1,4,1,1,4,1,2,3,1,1,0,2,1,6,0,2,0,0,0,0,1,2,0,4,0,2,5,0,0,0,0,4,0,1,0,0,2,1,0,0,1,2,0,0,0,0,0,0,0,0,1,0,0,0,0,0,0,0,0,0,0,0,0,0
Denmark_Country_village,0,0,2,3,1,1,2,2,2,3,0,1,4,1,3,0,2,0,0,1,0,0,1,0,0,1,1,4,0,1,2,1,1,3,1,2,1,3,0,3,2,5,4,2,2,2,2,2,2,3,1,6,2,6,3,4,4,4,8,2,5,1,4,2,6,2,4,3,3,3,2,4,1,2,5,1,4,5,4,3,3,5,6,3,1,4,6,5,7,2,6,4,5,4,6,3,5,5,7,1,2,3,2,0,5,6,4,5,3,1,2,2,1,2,2,2,2,3,1,2,1,0,1,2,2,0,1,1,1,1,0,0,0,0,1,1,2,0,0,0,0,2,0,0,0,1,3,2,0,0,0,0,0,0,0,0,0,0,0,0,0,0,0,0,0,0,0,0,0,0
Denmark_Farm_or_home_in_countryside,0,3,1,5,5,4,4,8,8,4,9,3,7,3,3,2,6,4,9,1,4,2,6,8,6,4,5,8,4,2,7,5,7,7,6,3,7,11,8,10,6,11,7,5,11,12,7,14,11,13,9,6,14,10,16,16,10,11,15,13,10,14,11,17,18,11,18,11,11,13,16,12,14,9,17,12,11,14,13,13,18,8,19,10,12,11,11,13,12,3,19,7,10,9,10,12,8,7,10,10,4,5,13,4,9,5,8,12,12,8,6,4,8,4,8,5,4,3,7,2,4,3,8,3,3,1,5,1,3,2,2,0,1,0,1,0,2,1,0,1,0,2,1,0,1,1,0,0,0,0,3,0,0,0,0,0,0,0,1,0,0,0,0,1,0,0,0,0,0,1
Denmark_Suburbs_or_outskirts_of_big_city,0,3,1,11,5,4,7,2,13,10,7,7,7,8,10,1,11,6,4,5,3,4,11,8,5,3,5,6,5,5,7,5,7,12,8,7,11,9,8,8,7,6,15,9,9,6,10,11,12,15,7,14,8,16,14,11,6,13,5,13,9,6,10,14,12,8,12,16,7,13,12,8,12,11,11,10,12,9,10,10,5,14,12,14,12,4,12,8,11,14,4,13,10,7,10,14,6,10,10,12,16,15,10,9,5,11,10,4,16,5,9,6,6,6,7,4,6,8,4,7,7,6,6,2,5,4,5,4,1,1,5,3,5,1,7,3,3,4,1,3,1,3,1,3,0,0,0,0,0,1,1,0,1,0,0,0,0,0,0,0,2,1,0,0,0,0,0,0,0,0
Denmark_Town_or_small_city,0,3,0,9,4,1,6,2,3,3,8,5,3,3,6,3,3,3,3,7,3,5,5,6,2,2,1,2,0,3,1,7,2,6,2,1,5,8,2,4,2,3,2,2,4,3,3,5,8,10,8,5,7,3,3,6,9,7,7,7,4,5,11,11,7,6,5,8,3,7,3,7,6,5,2,6,7,6,4,1,10,9,5,7,6,8,6,8,5,4,0,5,8,3,7,7,14,8,3,7,4,5,4,8,7,4,6,4,2,5,5,9,6,4,5,4,4,4,2,4,4,1,5,4,3,2,3,3,3,1,6,2,1,1,3,0,1,1,1,2,1,4,0,2,1,2,1,0,1,0,0,0,0,2,0,0,0,0,0,0,0,0,0,0,0,0,0,0,0,0
Estonia_Big_city,0,2,1,0,3,1,1,1,1,1,7,6,5,6,8,9,4,7,7,9,6,6,9,10,8,10,5,9,9,17,5,16,5,14,7,11,9,7,11,12,12,7,8,5,9,7,6,13,8,9,5,11,5,14,7,7,8,10,9,6,5,7,5,8,9,7,8,8,8,7,7,12,9,9,10,12,8,6,8,12,2,14,8,19,9,9,4,12,7,11,6,10,12,5,7,9,7,5,5,10,2,10,5,7,3,10,6,3,6,9,3,17,6,11,4,7,5,7,4,9,2,6,3,6,5,13,2,6,2,5,5,11,2,3,2,5,5,2,2,3,1,0,0,2,0,0,2,0,0,0,0,1,2,0,1,0,0,1,0,0,0,0,0,0,0,0,0,0,0,0
Estonia_Country_village,0,0,0,0,1,1,3,0,1,0,2,3,2,3,5,4,4,4,3,1,1,1,3,2,2,3,4,3,6,3,4,2,2,3,3,5,4,4,4,2,3,2,4,7,3,4,6,5,3,3,5,12,6,5,0,4,5,6,3,2,5,5,5,1,5,5,10,4,8,5,7,4,7,3,8,5,7,7,3,6,6,1,1,6,6,8,7,6,6,3,2,0,1,6,3,5,3,7,5,8,5,4,4,5,9,5,2,3,1,6,8,3,4,3,0,5,1,2,4,7,2,5,3,1,0,1,1,2,0,1,1,4,1,2,1,0,3,3,1,4,0,1,1,2,1,1,1,0,0,0,1,1,0,0,0,0,0,0,1,0,0,0,0,0,0,0,0,0,0,0
Estonia_Farm_or_home_in_countryside,0,0,0,0,1,2,0,1,2,2,4,1,3,1,3,1,5,4,3,3,5,2,6,3,6,2,3,6,0,3,4,4,5,2,3,3,7,9,3,2,4,5,4,4,6,4,10,6,4,3,5,5,10,3,6,10,8,4,9,7,5,7,5,9,4,2,5,7,7,6,1,8,10,7,6,10,8,3,4,6,7,10,8,10,5,10,10,3,3,11,9,8,6,5,3,8,10,6,5,3,3,8,6,10,3,11,5,11,4,3,6,9,4,4,8,4,1,5,3,4,2,4,4,6,4,7,3,8,1,3,3,9,1,4,2,4,3,2,0,2,3,5,2,1,1,1,0,0,0,4,2,0,0,1,0,3,1,1,0,1,0,0,0,0,0,0,0,0,0,0
Estonia_Suburbs_or_outskirts_of_big_city,0,0,0,1,1,1,0,4,1,1,0,4,2,3,2,1,1,3,4,5,2,1,4,4,4,4,3,5,5,4,7,4,9,7,4,8,1,1,1,7,3,1,7,5,12,4,3,5,5,4,3,3,6,5,1,7,3,6,2,4,5,8,4,3,5,6,6,6,5,0,5,9,2,4,2,2,7,4,6,4,6,5,4,5,4,2,3,4,7,1,3,4,3,3,6,2,1,5,3,1,5,2,3,4,1,4,3,8,4,5,4,4,0,1,5,0,2,2,3,3,2,7,2,5,3,6,1,5,1,2,1,3,1,2,0,3,2,1,2,1,0,2,0,1,0,0,0,1,0,0,0,1,0,0,1,0,0,0,0,0,0,0,0,0,0,0,0,0,0,0
Estonia_Town_or_small_city,0,0,1,1,3,3,1,2,3,4,8,4,10,6,5,6,1,1,3,4,1,10,4,8,9,5,9,7,6,10,5,5,5,8,7,8,3,7,3,7,6,6,8,7,3,8,7,5,9,8,3,2,7,6,6,7,3,9,7,8,7,10,4,9,4,5,0,9,9,10,4,5,7,4,6,13,6,7,5,9,7,8,7,3,4,4,7,9,13,10,6,13,5,11,5,7,3,6,10,7,6,7,10,6,6,10,7,5,5,5,2,7,5,5,3,4,6,6,7,7,5,3,3,6,4,5,4,5,4,6,0,4,2,4,5,2,2,2,1,5,3,3,3,4,0,4,0,4,3,0,0,2,0,1,0,0,0,0,0,0,0,0,0,0,0,0,0,0,0,0
Finland_Big_city,0,1,2,5,3,3,5,2,2,14,3,7,7,3,5,14,8,6,5,18,10,13,10,11,8,9,8,9,12,9,16,12,6,12,5,6,9,6,13,5,8,10,3,7,7,8,8,6,6,8,4,10,9,10,6,6,4,6,8,8,4,8,6,7,7,6,8,8,8,2,14,6,8,5,8,5,5,7,4,9,9,11,14,9,14,11,0,6,6,8,7,9,8,1,9,7,10,9,9,3,10,5,7,9,1,8,2,6,8,2,6,6,3,6,7,3,3,5,4,2,5,6,2,3,1,3,1,5,3,5,2,1,2,1,1,0,1,0,1,3,0,2,1,3,0,2,0,0,1,1,0,1,0,0,0,0,1,0,1,0,0,0,0,0,0,0,0,0,0,0
Finland_Country_village,0,1,2,8,4,8,5,2,2,1,3,0,2,3,3,1,4,1,4,4,3,3,2,3,2,5,2,3,7,4,5,5,4,5,3,4,3,6,5,2,3,4,4,8,3,7,7,7,4,6,7,6,5,5,7,6,6,5,7,2,5,2,5,6,3,4,8,5,9,5,5,7,6,5,3,2,8,6,3,5,4,4,7,11,11,7,7,5,6,4,6,4,6,6,7,1,7,11,8,8,8,5,3,8,5,6,10,5,4,3,6,7,6,8,3,3,2,7,5,3,3,4,3,6,5,4,3,3,4,4,0,2,4,1,1,3,2,1,0,3,1,3,1,1,1,1,0,1,1,2,0,2,0,1,0,0,0,0,0,0,0,0,1,0,0,0,0,0,0,0
Finland_Farm_or_home_in_countryside,0,4,12,19,10,19,11,17,25,8,24,13,11,6,8,2,10,14,11,10,13,12,11,8,17,9,14,10,20,22,13,20,15,21,23,17,14,12,18,19,20,15,24,22,27,26,26,23,28,28,27,30,27,22,31,31,28,29,17,29,26,29,32,29,30,31,22,30,30,35,33,29,34,29,40,22,44,31,42,29,44,35,44,31,46,32,43,45,41,35,45,34,38,26,44,25,39,29,41,28,52,36,29,24,23,33,40,22,39,22,34,29,23,29,30,22,19,26,34,14,10,12,20,17,14,21,17,21,16,17,16,17,15,19,13,17,5,13,9,10,7,12,7,3,9,6,3,4,2,3,2,3,3,0,0,1,0,0,0,0,1,2,0,0,1,0,0,0,0,0
Finland_Suburbs_or_outskirts_of_big_city,0,5,4,7,3,10,1,3,6,7,9,5,10,4,7,5,13,12,14,16,5,11,8,12,11,7,9,8,8,14,9,9,4,7,11,14,12,9,10,10,10,10,8,6,8,13,9,10,12,8,13,16,13,9,9,14,8,6,11,8,10,12,13,4,7,4,7,5,9,9,7,12,8,15,11,12,17,6,11,7,13,10,6,11,8,12,9,8,6,7,6,13,9,12,9,8,3,12,6,7,4,10,4,10,1,16,7,8,5,10,7,5,6,7,3,8,9,8,2,4,3,4,9,3,12,4,3,4,3,4,3,2,2,4,3,8,4,2,4,4,1,1,3,0,2,0,1,0,0,1,1,0,0,1,0,0,0,0,1,0,0,0,0,0,0,0,0,0,0,0
Finland_Town_or_small_city,0,3,2,3,4,4,4,7,2,6,5,7,4,1,6,6,7,7,8,10,3,13,11,7,1,10,3,3,4,4,3,5,9,6,9,9,2,6,9,11,7,7,9,6,4,8,6,7,12,5,4,9,15,9,9,10,11,10,9,3,15,9,11,11,10,8,8,6,8,8,7,6,7,8,11,17,9,9,4,10,14,8,3,14,5,6,11,11,8,10,6,14,8,7,7,11,8,12,15,9,15,11,9,15,17,10,3,5,9,7,5,4,3,4,7,10,2,3,6,9,4,4,4,5,3,12,5,4,2,7,7,4,2,4,3,4,2,1,3,2,4,6,0,3,0,2,4,2,0,0,0,1,1,0,0,0,0,0,0,0,0,0,0,0,0,0,0,0,0,0
France_Big_city,0,0,0,0,1,3,2,0,0,7,2,3,3,12,6,10,2,8,6,4,6,10,8,7,5,8,4,4,13,8,8,4,9,9,3,7,8,7,7,15,9,4,4,7,7,8,4,9,5,7,10,6,6,6,5,8,4,2,2,3,7,4,6,6,5,5,6,7,5,10,10,8,5,5,7,4,7,7,7,9,5,4,7,3,7,3,7,7,7,7,2,6,6,5,4,7,9,5,7,3,5,3,2,9,9,7,5,2,5,5,0,8,6,8,3,3,4,5,2,5,3,3,1,3,1,3,3,2,1,5,3,3,3,6,1,3,1,3,2,2,2,2,2,2,0,2,2,1,0,2,0,1,0,0,0,0,0,2,0,1,0,0,0,0,0,0,0,0,0,0
France_Country_village,0,0,1,2,1,0,0,3,1,0,3,0,3,1,2,0,2,2,4,6,0,3,3,4,3,4,5,7,2,6,4,5,1,6,5,4,5,13,7,6,5,6,5,11,4,14,5,5,10,10,6,2,5,9,7,6,8,7,6,4,12,4,7,10,6,6,10,6,4,11,11,3,5,5,5,16,10,9,10,10,10,14,9,8,14,5,5,6,11,9,8,8,11,8,6,7,9,8,13,11,9,5,9,1,9,10,5,5,8,7,5,9,3,7,6,2,1,5,5,3,9,5,0,5,2,3,7,3,2,2,0,7,0,3,0,2,3,3,1,3,2,2,1,0,0,2,0,0,1,0,1,1,1,0,0,0,1,0,0,0,0,0,0,0,0,0,0,0,0,0
France_Farm_or_home_in_countryside,0,0,0,1,0,0,4,0,3,0,3,1,1,3,0,2,3,0,1,2,2,3,2,3,3,5,3,4,2,4,4,8,4,6,5,4,5,5,6,8,7,10,14,7,7,10,9,7,5,9,3,10,8,5,4,6,10,6,4,5,6,4,10,8,11,8,9,5,9,12,7,8,9,8,10,6,11,6,7,9,11,7,9,3,8,8,8,9,11,8,7,14,7,7,13,8,9,6,10,7,5,11,7,3,6,6,7,2,5,6,6,4,7,7,9,6,4,9,2,5,6,1,5,4,5,5,3,5,7,1,2,5,5,5,3,2,2,2,1,2,5,2,4,1,5,4,2,3,2,1,3,1,1,0,0,0,0,0,0,0,0,0,0,0,0,0,0,0,0,0
France_Suburbs_or_outskirts_of_big_city,0,1,0,1,0,0,1,3,2,1,3,0,3,0,6,7,6,5,3,6,6,6,3,8,7,4,4,4,7,8,7,4,6,7,7,8,8,10,8,10,8,7,7,1,14,10,4,6,9,10,11,10,14,10,4,4,7,10,7,5,14,3,10,4,6,3,12,5,7,8,10,6,5,5,6,5,8,8,6,5,4,5,7,7,10,6,14,11,8,7,8,8,4,7,6,6,10,7,8,10,9,9,4,11,7,10,5,4,4,2,6,7,9,2,8,10,4,5,7,4,7,2,5,3,6,2,3,1,4,4,2,0,2,3,1,2,3,4,0,4,2,1,2,5,1,2,2,1,1,0,1,0,1,0,0,0,0,0,0,0,0,0,0,0,0,0,0,0,0,0
France_Town_or_small_city,0,0,0,0,0,2,2,3,1,2,4,5,6,4,5,9,1,4,1,8,8,5,3,5,6,5,5,3,6,5,2,7,2,6,8,4,6,8,8,10,6,3,5,6,8,8,8,10,5,7,3,8,4,11,8,12,6,10,8,6,7,8,11,13,5,8,5,11,8,15,8,6,5,8,12,5,6,9,8,4,6,15,8,9,5,7,5,13,3,7,3,10,8,5,8,9,7,13,2,12,4,5,5,12,4,7,5,9,6,5,6,4,3,7,4,10,3,6,4,4,2,3,5,8,5,8,3,6,4,6,3,3,4,3,4,2,1,5,1,1,1,0,0,1,0,1,2,3,0,0,0,1,0,2,0,0,0,0,0,1,0,0,0,0,0,0,0,0,0,0
Germany_Big_city,0,0,1,1,1,3,1,2,2,4,7,3,4,6,6,9,11,10,6,3,11,9,9,13,7,12,15,10,14,7,13,6,8,7,11,9,6,6,16,11,9,10,13,6,12,11,11,8,14,11,7,13,11,21,14,9,9,5,15,13,5,7,8,12,16,11,7,6,10,15,11,12,7,15,8,2,13,13,14,11,7,9,11,15,9,6,7,13,7,10,9,11,7,7,7,7,8,8,9,7,9,10,13,9,10,11,8,6,13,7,5,11,7,7,7,8,8,9,6,8,14,5,4,5,5,4,5,2,1,1,4,2,5,1,3,2,0,4,0,1,0,2,0,2,1,2,2,2,0,1,0,1,0,0,0,1,0,0,0,1,0,0,0,0,1,0,0,0,0,1
Germany_Country_village,0,2,2,2,6,9,2,5,14,9,8,12,6,9,11,5,14,4,12,3,7,2,9,8,9,8,7,1,5,9,9,9,5,6,17,12,8,6,7,10,10,10,9,8,13,11,7,13,16,16,8,17,19,12,17,16,11,12,23,21,11,14,11,18,17,10,19,15,9,14,12,15,23,26,10,17,16,11,16,16,20,9,16,13,14,10,16,11,15,17,10,11,11,12,5,9,24,6,12,14,16,8,13,8,18,13,10,10,20,8,7,3,12,9,13,5,14,8,6,6,7,4,5,5,9,11,7,6,1,3,5,4,3,3,5,3,2,1,3,1,0,0,3,3,1,0,1,0,2,1,0,1,0,0,0,0,0,0,0,0,0,0,0,0,0,0,0,0,0,0
Germany_Farm_or_home_in_countryside,0,0,1,1,4,1,4,0,4,2,5,3,2,2,1,3,0,1,2,2,2,2,1,1,1,0,0,3,4,0,4,2,0,5,2,3,1,3,5,2,4,2,1,2,3,5,7,3,1,0,4,5,5,5,5,2,5,4,2,7,8,4,6,7,7,5,7,8,5,7,4,7,6,5,9,3,2,3,5,6,4,3,5,5,4,5,6,5,4,3,5,2,2,4,6,5,7,3,2,4,6,1,3,2,4,5,3,3,5,2,1,0,3,1,5,2,6,1,2,2,3,2,3,1,2,1,2,2,1,1,1,0,2,1,2,0,2,1,3,1,0,2,0,0,3,1,0,0,0,1,0,0,1,0,0,0,0,0,0,0,0,0,0,0,0,0,0,0,0,0
Germany_Suburbs_or_outskirts_of_big_city,0,1,0,1,6,7,4,3,11,8,11,6,4,7,8,5,6,6,10,5,11,12,8,11,8,2,10,5,9,9,10,7,10,8,6,7,5,10,17,12,14,13,10,14,9,9,7,17,13,13,12,15,11,14,9,11,24,23,5,16,12,16,8,15,18,18,16,20,9,16,28,19,24,11,10,18,15,18,20,17,11,20,18,10,15,12,14,8,13,14,17,18,9,13,11,15,14,10,16,9,14,7,18,21,14,16,15,17,17,15,16,11,11,13,12,14,16,8,9,10,9,11,8,10,10,10,8,7,10,6,4,4,3,6,5,5,3,3,5,3,5,3,1,3,2,1,2,2,1,2,1,4,1,0,0,0,0,1,0,0,0,0,0,0,0,0,0,0,0,0
Germany_Town_or_small_city,0,1,2,3,2,10,4,9,9,8,13,8,14,6,7,12,9,7,7,18,9,14,10,12,12,9,11,8,8,9,7,13,6,13,8,12,13,16,13,11,7,12,11,13,10,12,11,19,7,18,18,15,19,17,16,9,13,20,14,12,17,22,10,14,24,19,17,27,19,13,21,14,15,22,19,18,13,16,24,15,24,23,20,15,15,23,19,22,19,15,9,18,12,9,12,17,16,11,14,19,17,8,21,8,18,12,15,15,14,16,16,20,15,15,8,11,15,10,12,8,11,8,19,10,6,6,8,14,7,7,2,5,4,2,3,6,2,4,0,4,2,2,1,3,1,2,3,1,1,2,1,0,0,1,0,0,0,2,0,1,0,0,0,0,0,0,0,0,0,0
Greece_Big_city,0,1,2,1,2,1,1,0,1,3,1,3,7,9,5,5,4,5,10,7,5,10,9,10,7,9,14,7,8,12,10,14,12,15,7,9,10,12,5,14,6,17,11,17,10,10,9,10,11,9,5,15,15,10,11,17,10,13,6,11,8,11,10,5,8,6,8,13,6,9,4,11,8,12,5,8,9,10,9,14,10,5,8,5,9,8,5,11,5,5,6,2,4,4,5,3,6,9,11,2,3,10,14,4,5,6,13,6,8,7,3,4,4,9,8,3,10,10,1,4,3,7,5,3,2,6,5,6,4,2,1,1,4,1,3,1,2,2,2,1,1,0,3,2,1,1,1,0,0,0,0,0,1,1,1,0,0,0,0,0,0,0,0,0,0,0,0,0,0,0
Greece_Country_village,0,0,1,1,0,0,0,2,0,1,2,0,0,0,1,2,1,3,1,6,3,0,5,1,1,3,1,5,2,5,1,3,3,5,4,1,2,4,8,4,3,2,4,1,3,1,4,4,1,3,7,1,5,4,5,2,2,5,2,2,1,1,2,1,4,6,0,3,1,3,1,9,7,2,3,2,3,1,3,4,1,7,3,3,4,2,2,4,1,5,1,4,3,6,2,0,0,3,2,1,4,4,8,3,5,3,4,6,7,6,9,5,5,11,5,5,5,4,3,6,2,4,2,4,0,6,8,4,2,3,2,1,1,2,5,2,1,5,2,1,0,1,2,1,1,2,0,1,1,0,1,0,0,1,1,0,0,0,0,0,0,0,0,0,0,0,0,0,0,0
Greece_Farm_or_home_in_countryside,0,0,0,0,0,0,0,0,0,0,0,0,0,0,0,0,0,0,0,1,0,0,0,0,0,1,0,0,0,0,0,0,1,0,0,0,0,0,0,1,0,0,0,0,0,0,1,0,0,2,0,0,0,0,0,0,0,0,0,0,0,0,0,0,1,0,0,0,0,0,0,1,1,0,0,0,0,0,1,0,1,1,0,0,0,0,1,0,0,0,0,0,0,0,0,0,0,0,0,0,1,0,0,0,0,0,3,0,0,0,0,0,0,0,1,0,0,0,0,1,0,0,0,0,0,0,0,1,0,0,0,0,0,0,0,0,0,0,0,0,0,0,0,0,0,0,0,0,0,0,0,0,0,0,0,0,0,0,0,0,0,0,0,0,0,0,0,0,0,0
Greece_Suburbs_or_outskirts_of_big_city,0,0,1,3,1,2,0,1,0,2,1,0,1,0,0,4,2,2,3,3,3,6,5,6,2,7,3,5,5,6,4,6,5,1,7,6,6,7,10,6,4,6,11,3,9,6,2,6,9,8,7,13,9,8,8,6,5,9,9,7,7,7,7,6,4,6,3,5,8,5,3,3,4,6,3,3,5,2,7,6,1,5,4,3,3,4,7,6,4,1,5,3,1,1,1,3,0,4,4,0,2,2,6,3,3,4,7,6,0,3,4,2,7,4,3,3,3,5,4,4,3,8,2,3,1,2,3,1,0,3,2,2,2,0,1,0,3,1,2,0,1,2,3,0,1,0,0,1,0,0,0,1,0,0,0,0,0,0,0,0,0,0,0,0,0,0,0,0,0,0
Greece_Town_or_small_city,0,0,0,0,1,1,0,1,0,1,2,2,2,0,0,1,2,3,2,1,2,3,1,0,0,1,1,2,2,4,4,2,4,1,4,3,2,2,2,1,2,3,1,4,2,4,1,3,1,2,2,1,2,6,1,5,1,4,0,3,1,0,3,6,2,2,1,3,0,1,1,5,3,3,2,1,0,2,1,0,1,1,1,1,3,0,0,1,0,3,0,1,3,1,2,1,3,2,0,0,1,3,0,1,1,3,0,2,1,1,1,1,3,3,1,1,2,1,2,0,0,1,0,2,0,1,0,1,2,2,0,0,0,1,1,0,0,0,0,0,0,0,0,0,0,0,1,0,1,1,0,0,0,0,1,0,0,0,0,0,0,0,0,0,0,0,0,0,0,0
Hungary_Big_city,0,0,0,0,0,1,1,1,0,1,2,3,3,2,1,5,3,8,6,8,3,8,1,7,4,9,4,5,5,15,6,6,5,4,1,6,7,13,4,8,7,7,2,9,11,4,4,12,10,9,7,6,2,9,6,8,10,9,4,10,6,2,11,8,6,6,2,7,9,8,5,7,8,5,7,8,9,2,1,5,4,13,7,8,4,7,4,10,8,6,7,7,1,2,2,10,2,10,11,5,8,5,8,7,3,7,4,2,6,6,0,7,7,4,3,5,5,4,4,7,2,3,3,4,2,8,4,2,6,8,1,7,2,5,4,6,1,1,2,1,1,1,0,0,1,0,1,1,1,2,1,1,0,0,1,0,0,0,0,0,0,0,0,0,0,0,0,0,0,0
Hungary_Country_village,0,1,4,0,2,0,0,2,1,1,0,2,2,2,4,0,6,7,6,5,1,5,1,6,2,2,5,5,8,9,3,1,9,5,2,4,8,2,9,11,10,7,9,5,12,3,4,6,4,7,8,10,5,7,4,5,8,4,5,7,9,6,5,6,9,7,8,7,7,11,8,4,7,9,7,9,13,8,4,12,6,8,9,15,7,5,5,6,1,11,7,5,4,7,2,7,6,8,5,4,9,6,6,11,6,3,9,6,8,8,7,8,7,8,3,5,2,9,5,5,2,9,5,3,1,4,5,2,4,5,1,3,2,3,2,2,4,3,1,2,2,4,1,0,2,2,0,1,0,0,0,1,1,0,0,0,0,0,0,0,0,0,1,0,0,0,0,0,0,0
Hungary_Farm_or_home_in_countryside,0,0,0,0,0,0,2,0,0,0,0,0,1,0,0,0,0,1,1,0,2,1,0,1,0,0,0,0,1,2,1,0,3,0,2,1,2,1,0,0,0,0,1,1,0,4,1,1,2,2,1,1,1,1,0,1,2,1,2,0,2,2,3,0,1,4,2,2,2,0,2,3,2,1,0,0,1,0,0,0,1,3,0,1,2,1,1,1,2,4,2,2,2,1,1,0,1,1,0,0,2,0,0,0,1,0,1,0,0,1,1,0,3,1,1,1,0,1,0,0,0,1,0,0,0,0,1,0,0,4,0,0,1,1,0,0,0,0,0,0,0,1,0,0,0,0,1,0,0,0,0,0,0,0,0,0,0,0,0,0,0,0,0,0,0,0,0,0,0,0
Hungary_Suburbs_or_outskirts_of_big_city,0,0,0,0,1,0,0,0,0,1,1,1,1,1,0,2,0,0,1,0,2,0,2,5,0,2,1,0,1,3,3,6,1,2,2,3,1,2,3,5,1,2,3,4,0,2,1,6,3,4,1,1,2,4,2,2,5,1,2,3,2,1,4,1,3,3,1,3,2,0,0,6,0,0,0,5,3,2,1,2,3,2,2,2,1,9,0,1,2,1,2,2,2,4,1,4,5,2,2,1,2,1,2,0,3,2,0,3,1,2,1,5,0,2,3,3,0,1,2,2,1,7,0,1,1,1,1,0,0,5,1,1,0,1,1,0,1,1,1,0,0,1,1,1,0,0,0,0,0,0,0,0,0,0,0,0,0,0,0,0,0,0,0,0,0,0,0,0,0,0
Hungary_Town_or_small_city,0,0,2,1,1,1,3,2,1,2,1,6,5,3,2,3,8,3,3,4,7,10,2,1,6,3,0,8,7,9,5,9,6,10,3,6,6,3,7,7,8,12,5,7,10,10,5,6,10,5,6,6,5,14,8,9,5,8,7,7,2,11,9,4,12,7,5,7,7,5,10,4,5,7,4,9,9,4,7,9,5,6,5,11,9,3,7,8,11,9,5,15,9,7,7,9,6,3,2,7,3,4,4,8,8,7,7,7,4,8,4,4,4,3,5,8,2,5,0,4,1,7,0,9,2,2,3,1,1,5,1,3,2,4,1,2,1,0,3,1,0,1,2,2,2,3,1,1,1,1,0,0,1,0,0,1,1,0,0,0,0,0,0,0,0,0,0,0,0,0
Iceland_Big_city,0,0,0,2,0,0,1,1,1,0,2,0,0,0,0,3,0,2,2,3,2,0,0,1,1,2,0,0,1,0,0,0,1,1,0,1,1,3,1,0,0,0,0,1,0,0,0,2,0,2,0,1,0,0,2,0,0,1,1,1,0,0,1,1,0,0,1,0,0,0,0,0,0,0,0,1,0,3,0,0,1,0,0,0,1,0,0,1,0,2,0,2,0,1,0,0,0,1,0,1,0,1,1,1,0,1,0,0,0,2,0,0,0,1,0,1,0,0,1,0,0,0,0,1,0,1,1,0,0,1,0,0,0,0,0,0,0,0,0,1,0,0,0,0,0,0,0,0,0,0,0,0,0,1,0,0,0,0,0,0,0,0,0,0,0,0,0,0,0,0
Iceland_Country_village,0,1,0,1,0,0,0,1,0,0,1,0,0,0,0,0,1,0,0,0,0,0,1,0,1,0,0,1,0,0,0,0,0,0,0,0,0,0,0,1,0,0,0,0,0,0,1,0,0,0,0,0,1,0,0,1,1,1,0,0,0,0,1,0,0,1,1,0,1,1,0,0,0,1,0,1,1,0,1,0,2,0,0,0,0,0,1,0,0,0,1,0,1,0,0,0,2,0,0,0,0,0,0,0,0,0,0,0,0,0,0,0,0,1,0,0,0,0,0,1,0,0,0,0,0,0,0,0,0,0,0,1,0,0,0,0,0,0,0,0,2,0,1,0,0,0,0,0,0,0,0,0,0,0,0,0,0,0,0,0,0,0,0,0,0,0,0,0,0,0
Iceland_Farm_or_home_in_countryside,0,0,0,0,0,1,2,2,1,1,0,0,1,1,0,0,0,0,0,0,0,1,1,0,1,1,0,0,0,0,0,0,0,1,0,2,1,1,1,0,0,0,1,1,0,1,1,1,0,0,1,1,0,1,2,1,3,0,1,1,0,1,2,1,4,1,4,3,0,0,0,1,0,1,0,3,3,0,3,1,0,1,1,1,1,2,1,0,1,1,1,1,3,1,1,0,0,1,0,0,1,2,0,1,2,1,1,2,2,0,1,2,0,1,1,1,1,1,3,2,0,0,1,1,2,0,0,0,0,1,0,0,0,0,1,0,0,0,0,0,0,0,1,0,1,0,0,0,0,0,0,0,0,0,0,0,0,0,0,0,0,0,0,0,0,0,0,0,0,0
Iceland_Suburbs_or_outskirts_of_big_city,0,0,0,2,0,1,2,2,2,2,1,2,4,2,1,1,1,1,2,1,1,2,3,1,3,3,4,0,2,1,0,6,3,4,3,3,0,3,0,1,1,3,2,2,3,1,2,1,3,3,2,1,0,4,2,5,3,7,2,2,5,2,3,3,2,2,2,2,2,1,5,2,2,3,1,4,3,1,2,0,2,3,2,3,1,1,1,2,3,4,1,2,1,1,1,4,1,2,1,4,1,0,0,1,0,2,1,2,3,1,3,1,0,1,3,1,0,2,1,0,2,0,1,0,0,2,1,1,0,0,0,0,1,1,0,0,0,0,0,0,1,0,0,0,0,0,0,0,0,0,0,0,0,0,0,0,0,0,0,0,0,0,0,0,0,0,0,0,0,0
Iceland_Town_or_small_city,0,2,0,2,0,0,2,1,0,1,1,2,2,2,1,0,1,1,1,1,2,0,1,1,1,1,1,0,3,0,2,0,0,1,3,2,1,2,2,1,1,1,3,1,1,1,2,2,2,0,1,4,1,1,2,0,0,1,0,1,2,3,2,2,0,1,0,1,0,1,0,3,2,4,0,3,3,1,1,1,4,3,5,1,1,1,1,5,1,2,3,1,1,3,3,0,2,2,5,1,4,0,1,0,0,0,1,2,0,0,0,0,1,1,2,0,1,1,0,0,2,1,0,0,0,1,1,2,1,0,0,0,1,0,1,0,1,0,0,2,0,0,0,0,0,0,0,0,0,0,0,0,0,0,0,0,0,0,0,0,0,0,0,0,0,0,0,0,0,0
Ireland_Big_city,0,0,0,0,0,0,0,0,0,1,5,3,2,3,4,1,3,4,5,4,4,3,6,2,8,6,6,2,2,5,5,5,8,1,3,5,7,1,4,4,3,4,4,7,4,2,5,5,7,9,2,4,1,2,2,2,3,2,4,6,2,0,2,5,2,0,3,4,3,3,5,3,3,4,5,4,1,4,1,2,0,1,2,0,2,4,2,2,1,1,4,2,1,0,0,0,3,5,1,1,3,2,3,0,1,5,3,3,1,2,0,2,2,1,4,0,1,3,2,1,2,3,1,0,1,1,1,0,1,1,0,0,0,2,1,0,0,1,1,1,0,1,0,0,1,1,1,0,0,0,1,0,0,0,1,0,0,0,0,0,0,0,0,0,0,0,0,1,0,0
Ireland_Country_village,0,0,1,0,1,0,0,0,0,0,1,1,3,1,1,4,5,0,2,3,1,1,1,2,5,1,2,3,1,6,2,5,2,2,2,4,4,2,7,4,4,9,5,7,9,2,2,6,4,7,1,5,7,7,6,5,4,4,6,6,3,4,2,9,5,6,6,7,1,2,1,6,5,3,3,3,4,3,8,1,3,4,2,4,6,5,7,3,4,3,2,6,3,8,2,4,3,2,4,4,2,1,2,5,4,3,2,1,3,6,1,1,4,5,2,2,4,3,1,2,2,4,4,1,2,1,1,2,2,2,0,0,3,0,0,2,3,2,1,0,3,0,0,1,0,1,0,1,0,0,1,0,0,0,1,0,0,0,1,0,0,0,0,0,0,0,0,0,0,0
Ireland_Farm_or_home_in_countryside,0,0,2,5,13,12,17,19,11,11,13,15,22,22,19,26,21,17,23,14,17,25,19,17,16,27,20,12,28,25,16,42,18,36,25,31,36,39,19,53,22,39,38,55,32,37,43,57,45,58,33,52,38,56,44,60,49,47,38,49,48,56,51,42,33,49,44,45,45,53,47,48,36,52,41,48,57,51,44,55,46,70,41,57,52,50,42,53,51,53,48,49,53,35,53,52,55,46,59,54,58,52,55,50,61,37,42,34,53,35,61,28,48,35,46,31,48,35,31,31,33,28,35,24,31,15,38,15,21,21,42,16,26,11,21,12,18,6,14,16,12,6,19,4,5,6,7,2,3,2,2,2,7,2,0,1,1,0,0,0,1,1,0,0,1,0,0,0,0,0
Ireland_Suburbs_or_outskirts_of_big_city,0,0,2,0,4,5,7,5,8,8,7,9,11,10,14,12,19,10,11,12,12,17,16,16,18,18,22,8,17,16,16,21,21,23,28,24,16,21,22,25,21,30,22,23,20,23,26,21,23,29,13,28,20,34,25,28,17,30,18,22,16,20,14,12,20,26,14,18,16,27,12,14,15,26,22,22,13,18,14,11,14,24,13,11,14,18,8,19,18,15,21,18,20,14,12,20,16,15,14,18,19,20,22,13,18,11,11,11,19,8,16,12,12,16,17,15,15,9,15,8,14,8,11,3,7,9,4,6,6,6,6,4,6,5,8,6,2,3,1,4,3,3,2,3,8,4,0,0,1,3,5,1,0,1,1,0,0,0,1,0,0,0,1,1,1,0,0,0,0,0
Ireland_Town_or_small_city,0,0,2,0,1,1,4,3,2,3,3,4,7,4,10,9,2,12,5,8,8,6,13,7,12,9,9,10,4,11,12,8,5,13,5,9,7,9,9,8,15,8,9,12,10,14,8,14,7,9,9,17,8,10,9,13,9,8,12,6,6,6,9,6,6,7,9,9,1,12,11,8,5,9,6,8,11,3,7,8,4,5,13,5,1,8,11,5,9,7,4,5,5,6,2,10,5,6,8,10,6,5,8,13,7,3,7,10,6,5,6,6,1,2,4,3,7,2,6,3,5,3,3,4,5,3,4,6,5,6,5,3,2,1,2,2,3,5,2,0,1,2,0,1,0,1,1,0,2,2,0,1,0,0,1,0,0,0,0,0,0,0,0,0,0,0,0,0,0,0
Israel_Big_city,0,3,7,4,8,6,5,10,11,12,9,16,10,16,14,13,10,15,17,20,19,14,15,13,17,10,26,14,15,18,16,13,18,13,13,12,17,18,24,21,10,14,13,17,12,18,14,14,16,12,17,21,16,18,11,21,13,4,2,18,9,16,9,18,13,18,10,15,14,11,10,17,6,11,19,18,11,19,6,15,7,24,10,16,13,21,10,17,6,13,11,17,15,14,8,10,7,15,9,15,19,15,14,10,13,18,17,10,8,15,10,11,12,7,9,7,8,11,7,8,4,9,11,6,12,8,6,7,14,11,8,4,9,3,6,6,4,2,5,0,6,2,2,4,5,2,2,1,1,0,2,0,2,0,0,0,0,0,0,0,0,0,0,1,0,0,0,0,0,0
Israel_Country_village,0,1,1,0,2,1,4,1,5,2,5,1,2,4,2,5,2,2,1,3,2,3,2,2,4,1,4,3,5,1,3,2,2,1,1,4,2,6,1,5,3,2,4,2,7,4,2,4,1,1,1,7,6,3,3,2,2,0,3,3,3,2,3,1,4,1,2,3,3,3,4,1,3,1,1,1,1,5,4,2,2,3,2,3,0,2,3,2,2,8,3,0,3,1,1,4,4,0,2,1,1,2,4,3,1,0,3,2,4,1,1,1,4,0,2,3,0,0,1,2,1,2,2,0,1,2,4,1,0,1,1,0,0,0,0,0,0,1,0,0,1,0,0,0,0,0,0,1,0,0,0,0,0,0,0,0,0,0,0,0,1,0,0,0,0,0,0,0,0,0
Israel_Farm_or_home_in_countryside,0,0,0,0,0,1,0,1,0,1,0,0,0,0,0,1,0,0,0,1,0,0,2,0,0,0,0,1,0,3,1,0,0,1,1,0,1,2,1,1,1,0,0,2,1,0,1,0,0,1,0,0,1,0,0,1,2,1,0,1,0,2,1,0,0,0,0,0,0,1,0,0,0,0,1,0,0,2,0,0,1,0,3,1,1,0,0,0,0,0,0,2,0,0,1,0,0,0,0,0,0,1,0,0,1,0,1,2,0,0,0,0,0,0,0,0,0,0,1,0,0,1,1,1,0,0,1,0,0,0,0,0,0,0,0,0,1,0,0,0,0,0,0,0,0,0,0,0,0,0,0,0,0,0,0,0,0,0,0,0,0,0,0,0,0,0,0,0,0,0
Israel_Suburbs_or_outskirts_of_big_city,0,1,0,4,2,3,3,3,3,3,6,3,3,5,7,1,6,3,6,5,7,6,10,7,5,7,5,5,3,4,6,6,3,7,4,4,7,3,10,6,3,4,3,5,5,6,3,6,4,6,3,1,6,9,5,6,5,5,6,3,2,5,2,6,1,5,4,8,5,6,5,5,3,7,7,7,3,5,3,4,4,5,4,7,9,9,3,4,5,10,3,5,5,6,6,6,3,4,8,7,8,4,6,4,9,4,3,3,7,3,6,6,4,5,7,0,1,4,3,5,4,2,1,1,5,3,2,2,1,6,4,0,1,1,4,3,3,2,3,1,0,3,2,1,0,0,2,0,0,3,2,0,0,0,0,0,0,0,0,0,0,0,0,0,0,0,0,0,0,0
Israel_Town_or_small_city,0,3,1,2,3,1,1,4,4,5,1,4,4,1,2,6,2,5,2,2,8,3,4,4,3,7,7,9,2,3,2,0,2,3,5,3,7,6,4,6,6,6,3,6,2,0,5,5,8,5,2,4,3,5,6,6,4,5,5,3,5,2,1,3,8,7,2,6,4,5,2,2,1,4,4,2,2,4,0,5,0,6,1,3,4,4,1,3,3,7,3,1,4,1,4,2,6,2,3,3,3,2,5,2,2,6,2,1,3,1,1,1,2,0,2,4,2,0,2,2,5,1,2,1,2,1,0,0,0,0,4,0,3,1,1,0,0,0,0,0,0,0,0,0,1,0,0,1,0,0,0,0,0,0,0,0,1,0,0,0,0,0,0,0,0,0,0,0,0,0
Italy_Big_city,0,0,0,0,0,0,0,0,1,0,0,0,0,0,1,0,0,3,0,0,1,1,0,0,2,1,0,1,1,1,1,1,2,0,1,0,1,2,0,2,1,2,2,1,0,3,0,3,2,1,1,2,0,2,3,0,1,4,4,2,1,1,1,2,3,1,2,0,2,4,0,1,1,2,0,1,2,3,2,3,2,2,1,0,1,1,2,3,2,0,1,3,2,1,1,2,2,1,1,1,2,1,1,0,1,4,1,4,2,0,1,2,2,0,2,1,0,1,1,2,0,0,1,1,1,0,0,0,1,1,0,0,0,0,2,2,1,0,0,0,0,0,0,1,1,0,0,0,0,0,1,0,0,0,0,0,1,0,0,0,0,0,0,0,0,0,0,0,0,0
Italy_Country_village,0,0,0,0,1,0,0,1,1,2,1,2,0,1,0,2,1,2,5,4,3,5,4,2,1,3,5,3,2,3,4,2,3,1,2,0,2,3,0,3,4,1,2,1,5,5,0,3,2,3,4,6,3,0,4,5,6,2,3,6,4,7,5,2,5,5,5,4,5,4,3,6,3,4,7,5,5,6,5,4,1,3,4,5,3,3,4,1,3,5,5,3,5,4,2,6,3,4,8,1,0,4,1,2,3,3,6,3,3,0,2,1,3,3,1,4,0,2,4,2,3,0,0,1,3,1,4,0,2,2,3,0,1,0,1,2,0,0,1,3,1,3,1,0,1,0,0,0,1,2,0,1,0,1,0,0,0,1,0,1,1,0,0,0,0,0,0,0,0,0
Italy_Farm_or_home_in_countryside,0,0,0,0,1,0,0,0,2,1,2,1,0,0,1,2,0,0,0,1,2,2,4,2,1,0,2,1,2,1,3,0,2,0,2,0,0,0,2,0,1,1,0,2,2,3,2,0,2,5,3,1,2,0,3,4,0,4,1,0,2,2,4,4,4,4,3,3,5,3,5,6,5,1,2,1,0,2,1,0,4,2,2,0,1,4,1,0,2,2,2,1,0,1,1,0,1,2,1,1,1,3,6,1,3,0,6,2,2,2,1,0,1,0,0,1,0,1,0,0,0,1,0,1,1,0,3,1,2,0,1,1,1,0,1,1,2,0,0,0,1,1,1,0,1,0,0,0,0,0,0,1,0,1,0,0,0,0,0,0,0,0,0,1,0,0,0,0,0,0
Italy_Suburbs_or_outskirts_of_big_city,0,0,0,1,0,0,0,0,1,1,0,0,0,1,0,0,2,0,0,4,0,3,1,0,1,0,0,0,4,0,1,1,1,0,2,2,2,1,2,2,3,2,4,1,1,0,1,0,0,0,1,3,1,2,2,1,2,0,1,2,0,2,0,3,1,3,2,2,1,1,0,2,0,1,3,0,2,2,2,3,3,0,1,0,2,2,4,3,4,1,3,1,2,0,1,0,1,1,0,0,3,3,3,0,1,0,2,2,2,0,0,3,1,1,1,1,0,0,0,0,0,0,1,0,1,0,1,0,1,2,0,1,0,1,1,0,0,0,1,0,0,0,0,0,1,0,0,0,0,0,0,1,1,0,0,0,0,0,0,0,0,0,0,0,0,0,0,0,0,0
Italy_Town_or_small_city,0,0,0,0,1,4,0,3,3,1,2,0,2,2,4,1,2,0,4,3,4,3,2,2,5,4,2,2,2,5,4,3,3,2,4,4,3,3,4,2,4,1,5,3,3,1,4,2,4,3,3,1,2,7,3,7,6,3,6,7,1,3,6,3,3,5,6,3,3,3,4,2,6,9,3,6,2,7,10,6,5,3,3,2,5,5,6,4,6,3,4,3,3,0,3,1,2,2,1,3,4,4,3,3,2,5,0,1,1,4,3,2,1,5,3,3,3,1,4,0,2,1,1,3,2,1,6,1,0,0,1,1,1,2,1,1,0,2,2,2,0,1,0,3,1,0,0,0,0,0,1,1,0,0,0,0,0,0,0,0,0,0,0,0,0,0,0,0,0,0
Kosovo _Big_city,0,0,0,0,0,0,0,0,0,0,0,0,0,0,0,0,0,0,0,0,0,0,0,0,0,0,0,0,0,0,0,0,0,0,0,1,1,0,0,0,0,0,0,0,0,0,0,1,0,0,0,0,0,0,1,1,1,0,0,0,0,0,0,0,0,1,0,0,0,0,1,0,1,1,0,0,0,0,0,0,0,0,0,0,1,0,0,1,0,0,0,0,1,0,0,0,0,0,0,0,0,0,0,0,0,0,0,0,0,0,0,0,0,0,0,0,0,0,0,0,0,0,0,0,0,0,0,0,1,0,0,0,0,1,0,0,0,0,0,0,0,0,0,0,0,0,0,0,0,0,0,0,0,0,0,0,0,0,0,0,0,0,0,0,0,0,0,0,0,0
Kosovo _Country_village,0,0,0,0,0,0,0,0,0,0,1,0,1,0,0,0,0,2,0,1,0,0,0,1,1,0,1,0,0,0,0,0,0,1,1,0,0,0,2,0,1,0,0,0,0,0,3,1,0,0,0,1,1,0,1,1,1,0,0,1,0,0,3,1,0,2,2,1,0,0,1,0,3,1,1,1,1,0,0,2,0,1,0,0,4,0,0,0,1,0,1,0,1,0,1,0,0,0,0,0,0,0,0,1,1,0,1,0,0,0,0,0,0,0,0,0,0,0,0,0,0,0,1,0,0,0,0,0,1,0,1,0,0,0,0,0,0,0,0,0,0,0,0,0,0,0,0,0,0,0,0,0,0,0,0,0,0,0,0,0,0,0,0,0,0,0,0,0,0,0
Kosovo _Suburbs_or_outskirts_of_big_city,0,0,0,0,0,0,0,0,0,0,0,0,0,0,0,0,0,0,0,0,0,0,0,0,1,0,1,0,0,0,0,0,0,0,1,0,0,1,0,0,0,0,0,1,1,1,0,0,0,0,0,0,0,0,0,0,0,0,0,0,0,0,0,0,0,0,0,0,0,0,0,0,0,0,0,1,1,0,0,0,0,0,0,0,0,0,0,0,0,1,1,0,0,0,0,0,0,0,0,0,0,0,0,0,0,0,0,0,0,0,0,0,0,0,0,0,0,0,0,0,0,0,0,0,0,0,0,0,0,0,0,0,0,0,0,0,0,0,0,0,0,0,0,0,0,0,0,0,0,0,0,0,0,0,0,0,0,0,0,0,0,0,0,0,0,0,0,0,0,0
Kosovo _Town_or_small_city,0,0,0,0,1,0,0,0,0,0,0,0,0,0,0,0,1,0,0,0,0,0,0,0,0,0,0,0,1,0,1,0,1,0,0,1,0,0,0,0,0,2,1,1,0,0,0,1,0,0,0,0,1,1,2,0,0,0,0,1,0,0,0,1,0,0,0,0,1,0,2,0,0,0,0,1,0,1,1,2,0,0,2,0,0,0,0,0,0,1,1,0,1,1,1,0,1,0,0,0,0,1,0,0,0,0,0,0,0,0,0,0,0,1,1,0,1,0,0,0,0,0,1,0,0,0,0,0,0,1,0,0,0,0,0,0,0,0,0,0,0,0,0,0,0,0,0,0,0,0,0,0,0,0,0,0,0,0,0,0,0,0,0,0,0,0,0,0,0,0
Latvia_Big_city,0,1,0,1,0,0,1,0,0,0,1,1,0,2,0,2,1,0,1,1,0,2,1,2,3,2,0,1,2,2,0,0,1,4,2,2,1,1,4,1,1,1,4,1,0,2,2,1,0,3,3,5,3,2,3,1,0,8,0,1,3,0,2,2,3,4,1,0,2,4,2,3,1,5,3,2,2,1,1,2,0,1,0,1,0,1,2,2,0,1,4,4,0,2,4,3,1,0,0,0,0,5,0,1,0,3,0,2,0,1,2,5,1,2,0,2,2,4,0,1,0,1,0,0,2,1,0,3,0,2,1,2,1,1,0,2,1,1,1,2,0,1,1,1,0,0,0,1,0,0,1,1,0,0,0,0,0,0,0,0,0,0,0,0,0,0,0,0,0,0
Latvia_Country_village,0,0,0,0,0,0,0,0,0,0,1,0,0,0,0,0,2,1,1,1,1,1,1,0,0,1,0,1,0,0,0,1,1,0,0,1,0,0,0,0,0,0,1,0,0,0,0,0,0,2,0,1,0,1,0,1,0,0,1,1,1,2,0,0,0,1,1,1,1,1,0,0,1,1,1,2,0,0,1,3,0,2,1,2,0,0,0,1,0,2,0,2,1,1,0,0,0,1,0,0,2,1,0,2,0,2,0,1,1,2,0,1,0,0,1,0,0,1,1,2,1,2,0,0,0,0,0,0,0,0,0,3,0,1,1,0,0,0,0,0,0,0,0,0,0,1,0,1,0,0,0,0,0,0,0,0,0,0,0,0,0,0,0,0,0,0,0,0,0,0
Latvia_Farm_or_home_in_countryside,0,0,0,0,0,1,0,0,0,0,0,1,1,0,3,0,1,1,1,2,2,0,1,2,3,1,3,1,0,0,1,2,0,0,0,2,1,0,4,2,0,2,0,4,0,1,3,1,5,0,1,1,2,2,2,5,3,5,2,1,0,3,5,2,0,1,6,1,6,4,3,1,5,4,6,5,4,2,2,5,4,6,0,4,2,3,2,2,2,2,1,1,2,3,3,4,3,3,3,3,0,4,0,5,4,6,2,6,1,6,0,3,1,4,1,2,1,3,2,3,2,3,2,3,0,2,1,6,0,3,1,2,2,1,0,1,0,2,0,1,1,1,1,1,0,0,0,0,0,0,0,2,1,0,0,0,0,0,0,0,0,0,0,0,0,0,0,0,0,0
Latvia_Suburbs_or_outskirts_of_big_city,0,0,0,0,0,0,0,0,0,1,2,0,2,1,1,1,0,0,1,0,0,0,0,1,1,0,0,0,0,0,0,2,0,0,0,0,0,0,0,0,0,0,1,1,0,0,0,1,1,1,0,1,1,1,0,0,0,0,0,1,0,0,1,0,0,2,0,0,0,0,1,0,1,0,0,0,0,1,0,2,1,1,0,0,1,0,0,1,1,0,0,2,0,1,1,1,0,0,0,0,0,0,1,1,0,1,0,0,0,1,0,0,1,0,0,1,1,2,0,0,0,1,0,0,0,0,0,0,0,1,0,0,0,0,1,0,0,0,0,0,0,0,0,0,1,0,0,0,0,0,0,0,0,0,0,0,0,0,0,0,0,0,0,0,0,0,0,0,0,0
Latvia_Town_or_small_city,0,0,0,0,1,0,0,0,0,1,0,0,1,0,1,1,0,1,3,1,1,0,0,2,2,2,1,1,0,2,0,0,1,4,1,2,0,3,3,1,1,0,2,6,3,2,3,3,0,2,0,0,0,2,0,2,1,2,1,1,0,6,2,0,1,1,1,1,0,0,0,1,1,4,1,3,3,1,3,1,2,2,1,1,1,1,1,2,2,2,2,1,0,3,1,1,0,2,0,1,0,2,1,2,0,2,2,5,1,0,1,4,0,2,1,1,0,2,0,2,0,0,0,1,0,1,1,0,0,1,1,1,0,1,0,0,0,3,0,1,0,2,0,0,2,0,0,0,0,0,0,0,0,0,0,0,0,0,0,0,0,0,0,0,0,0,0,0,0,0
Lithuania_Big_city,0,0,0,0,0,0,0,1,0,1,2,2,1,1,2,4,2,2,6,3,5,4,2,4,12,5,1,5,10,6,5,7,8,4,5,10,10,3,5,5,6,10,6,9,3,5,8,6,7,14,5,11,5,4,2,7,6,8,6,9,3,4,3,13,4,8,7,9,4,3,5,7,8,7,3,7,7,10,4,8,2,7,3,6,8,14,4,12,6,8,3,9,7,5,1,9,4,6,1,6,3,4,6,5,6,4,2,6,2,10,6,7,3,5,0,8,6,7,4,4,0,6,1,2,2,4,1,5,1,3,2,4,0,3,0,2,1,1,1,2,1,0,2,1,0,1,1,0,1,0,0,0,0,0,0,0,0,0,0,0,0,0,0,0,0,0,0,0,0,0
Lithuania_Country_village,0,0,0,0,0,0,0,1,0,0,0,0,1,1,1,1,0,3,1,1,1,3,3,0,1,0,1,0,0,2,3,1,3,3,2,2,3,1,1,2,4,5,1,2,3,0,0,3,2,1,2,1,2,5,5,3,3,5,4,5,3,3,4,2,2,5,8,4,6,3,6,7,3,6,5,3,4,4,5,2,6,7,5,5,5,4,5,4,6,7,3,3,3,7,3,4,4,10,5,4,4,4,2,8,1,5,3,7,1,8,3,6,7,6,3,5,3,3,3,8,6,5,0,3,2,3,2,4,3,0,2,5,0,0,0,2,0,1,1,1,0,0,0,2,0,0,2,2,0,1,1,1,0,0,0,0,0,0,0,0,0,0,0,0,0,0,0,0,0,0
Lithuania_Farm_or_home_in_countryside,0,0,0,0,0,0,0,0,0,0,0,0,0,0,0,0,0,0,0,0,1,0,0,0,0,0,0,0,0,0,0,0,0,0,0,0,0,0,0,0,0,0,0,0,0,0,1,0,0,0,0,1,0,1,0,1,0,0,1,0,0,0,1,0,1,1,2,0,0,1,2,1,0,0,1,0,0,1,0,2,0,0,0,0,0,0,1,0,1,0,0,1,0,1,0,0,0,0,0,0,1,0,0,0,0,0,1,1,1,0,0,0,1,0,0,1,0,0,0,1,0,0,0,0,0,0,1,1,0,0,0,0,0,0,0,0,0,0,0,1,0,0,1,0,0,1,0,0,0,0,0,0,0,0,0,0,0,0,0,0,0,0,0,0,0,0,0,0,0,0
Lithuania_Suburbs_or_outskirts_of_big_city,0,0,0,0,0,0,0,0,0,0,0,0,0,0,0,0,0,0,1,1,0,0,0,0,0,1,0,0,0,1,0,1,2,0,1,2,0,1,0,0,0,0,0,1,1,1,0,1,0,0,0,1,1,1,1,0,0,0,0,0,0,0,1,0,1,2,0,0,0,1,0,1,0,0,0,1,1,1,1,1,0,1,0,2,2,3,0,0,1,2,0,4,1,0,0,0,4,0,2,1,0,0,0,0,1,0,0,0,0,0,1,0,0,1,0,1,0,1,1,0,1,2,0,0,0,0,1,0,0,0,0,0,0,0,0,1,0,0,0,1,0,0,0,0,0,0,0,0,0,0,0,0,0,0,0,0,0,0,0,0,0,0,0,0,0,0,0,0,0,0
Lithuania_Town_or_small_city,0,0,0,0,0,0,0,1,1,1,2,0,1,0,1,2,2,3,2,4,0,3,0,2,3,1,0,3,3,3,1,7,2,6,1,3,1,1,4,7,1,2,1,2,2,3,2,6,1,6,2,2,7,4,3,1,2,5,2,3,5,12,3,2,5,6,5,3,5,8,5,8,3,5,4,8,2,4,3,5,6,10,7,8,4,9,2,6,3,6,5,10,9,4,3,7,3,2,3,4,2,8,2,7,6,11,3,6,4,11,3,11,4,5,6,3,2,6,4,5,1,3,1,4,0,1,0,4,2,3,3,8,0,4,2,3,0,4,1,1,0,1,0,1,0,2,0,0,0,0,0,0,0,0,0,1,0,0,0,0,0,1,0,0,0,0,0,0,0,0
Luxembourg_Big_city,0,1,0,0,0,0,0,1,0,1,0,0,2,0,0,0,1,1,2,0,0,1,0,0,1,0,0,1,1,1,3,1,0,2,0,1,2,2,0,2,0,1,0,0,1,1,3,1,0,1,0,1,0,0,1,1,1,0,0,0,1,2,1,3,0,0,0,0,0,3,2,2,2,1,0,1,1,1,1,1,0,1,1,0,0,0,0,0,0,0,0,0,2,0,1,0,1,0,0,0,0,0,0,0,0,0,1,0,1,0,0,0,0,0,0,0,0,0,0,0,1,0,0,0,0,0,0,0,0,1,1,0,0,1,0,0,0,0,0,0,0,0,0,0,0,0,0,0,0,0,0,0,0,0,0,0,0,0,0,0,0,0,0,0,0,0,0,0,0,0
Luxembourg_Country_village,0,3,0,2,1,1,5,1,3,3,2,1,1,2,2,4,1,2,0,1,3,5,2,2,1,1,2,0,2,1,0,5,2,1,0,2,3,1,1,6,4,1,1,2,7,1,4,3,7,2,5,2,1,1,2,4,4,7,2,2,5,2,4,2,1,2,0,4,2,3,1,4,4,1,2,0,1,2,1,2,1,3,3,5,1,0,4,1,3,4,5,5,2,1,2,3,4,1,0,1,2,4,0,1,2,3,1,2,1,0,1,1,1,0,0,1,0,0,1,2,1,1,1,1,1,0,3,0,0,0,0,1,0,0,0,0,0,0,0,0,0,0,0,0,0,0,0,0,0,0,0,0,0,0,0,0,0,0,0,0,0,0,0,0,0,0,0,0,0,0
Luxembourg_Farm_or_home_in_countryside,0,0,0,0,0,0,0,1,0,0,1,0,0,1,0,1,1,0,1,0,0,1,0,1,2,0,0,0,0,0,0,1,0,2,0,0,0,0,0,0,0,1,2,0,0,0,0,0,0,0,1,0,0,0,1,0,0,0,1,0,0,1,1,0,0,0,0,1,1,0,0,0,0,0,0,0,1,0,0,0,1,0,0,1,0,1,0,0,0,1,0,0,0,0,1,0,0,0,0,0,0,0,1,0,0,0,0,0,0,0,0,0,0,1,0,0,0,1,0,0,1,0,0,0,0,0,1,0,0,0,0,0,0,0,0,0,0,0,0,0,0,0,0,0,0,0,0,0,0,0,0,0,0,0,0,0,0,0,0,0,0,0,0,0,0,0,0,0,0,0
Luxembourg_Suburbs_or_outskirts_of_big_city,0,0,0,1,0,2,0,2,2,1,0,1,0,1,1,0,1,1,0,0,2,0,1,0,0,0,1,0,0,1,2,0,2,0,1,3,3,3,2,0,1,0,2,3,0,2,3,1,3,3,1,0,4,2,0,1,0,0,0,0,0,1,3,0,1,0,3,1,0,1,1,1,3,0,0,3,1,2,1,4,1,1,1,0,1,2,0,1,1,0,2,1,3,0,2,0,1,1,2,1,0,2,2,0,0,2,1,1,1,0,1,1,1,1,1,0,2,0,0,0,0,0,1,0,1,1,0,0,0,0,1,0,0,0,0,0,0,0,0,1,0,0,0,0,0,1,0,0,0,0,0,1,0,0,0,0,0,0,0,0,0,0,0,0,0,0,0,0,0,0
Luxembourg_Town_or_small_city,0,0,0,1,1,0,1,1,2,1,1,1,1,0,1,0,2,0,1,1,3,3,2,1,0,2,2,2,1,2,0,0,0,2,2,2,1,1,2,0,3,0,1,0,0,0,3,0,1,5,1,1,2,0,2,0,2,3,0,0,2,1,1,2,2,0,1,1,2,1,3,1,2,0,1,0,1,0,0,0,2,1,0,1,1,1,0,2,0,1,1,2,0,0,2,0,3,0,2,0,1,1,1,0,2,0,1,1,2,1,1,3,1,2,1,1,1,0,1,2,1,0,0,2,0,0,1,0,0,1,1,0,1,0,0,0,0,0,0,0,0,1,0,0,0,0,0,0,0,0,0,0,0,0,0,0,0,0,0,0,0,0,0,0,0,0,0,0,0,0
Montenegro_Big_city,0,0,0,0,0,0,1,0,0,0,0,0,0,1,0,0,0,0,0,0,0,0,1,1,0,0,0,0,0,0,0,0,1,0,0,0,0,0,2,0,0,0,0,0,0,0,1,0,1,0,0,0,1,0,0,0,0,0,0,1,0,0,0,0,0,1,0,2,1,1,0,1,0,0,1,0,0,1,0,0,0,1,0,0,1,0,2,0,1,0,1,0,0,0,0,0,1,0,1,1,1,0,0,0,0,0,0,0,0,0,0,0,0,0,0,0,0,0,0,0,0,0,0,0,0,0,0,0,1,0,0,0,0,0,0,0,0,0,0,0,0,0,0,0,0,0,0,0,0,0,0,0,0,0,0,0,0,0,0,0,0,0,0,0,0,0,0,0,0,0
Montenegro_Country_village,0,0,0,0,0,0,0,0,0,0,0,0,0,0,0,0,0,0,0,0,0,0,0,0,1,0,0,0,0,0,0,0,1,0,1,0,0,0,0,1,1,0,3,0,0,0,0,0,0,0,0,0,0,1,1,0,0,0,1,0,0,1,2,0,2,1,1,0,0,0,0,0,1,0,0,1,0,1,0,1,0,0,1,0,0,0,0,0,0,0,0,0,1,0,0,0,0,0,3,0,1,1,1,0,0,1,1,0,1,1,0,0,0,0,0,0,0,0,0,0,0,0,0,0,0,0,0,0,0,0,0,0,0,1,0,0,0,0,0,0,0,0,0,0,0,0,0,0,0,0,0,0,0,0,0,0,0,0,0,0,0,0,0,0,0,0,0,0,0,0
Montenegro_Farm_or_home_in_countryside,0,0,0,0,0,0,0,0,0,0,0,0,0,0,0,0,0,0,0,0,0,0,0,0,0,0,0,0,1,0,0,0,0,0,0,0,0,0,0,0,0,0,0,0,0,0,0,0,0,0,0,0,0,0,0,0,0,0,0,1,0,0,0,0,1,0,0,0,0,0,1,1,0,0,0,0,0,0,0,0,0,0,0,1,1,0,0,0,0,0,1,1,0,0,0,0,0,0,1,0,0,0,1,0,0,0,1,0,0,0,0,0,0,0,0,0,0,0,0,0,0,0,0,0,0,0,0,0,0,0,1,0,0,0,0,0,0,0,0,0,0,0,0,0,0,0,0,0,0,0,0,0,0,0,0,0,0,0,0,0,0,0,0,0,0,0,0,0,0,0
Montenegro_Suburbs_or_outskirts_of_big_city,0,0,0,0,0,0,0,0,0,0,0,0,0,1,0,0,2,0,0,0,1,1,1,1,1,1,0,2,1,0,0,4,1,0,0,2,2,0,0,2,0,1,0,0,2,0,1,0,1,0,0,0,0,0,0,2,3,0,1,0,0,0,0,1,0,1,1,2,1,0,0,0,0,1,1,0,0,1,0,1,1,1,0,0,1,2,1,0,0,0,0,0,0,0,3,0,1,0,0,0,0,1,1,0,2,0,1,1,0,0,1,0,0,0,1,1,0,0,0,0,0,0,0,0,0,0,0,0,0,1,0,0,0,0,0,0,0,0,0,0,1,0,1,0,0,0,0,0,0,0,0,0,0,0,0,0,0,0,0,0,0,0,0,0,0,0,0,0,0,0
Montenegro_Town_or_small_city,0,0,0,0,0,0,0,0,0,0,0,0,0,0,0,0,1,0,1,0,0,0,0,1,0,1,1,1,0,0,0,1,2,1,0,0,1,0,0,1,0,0,0,1,0,1,1,0,0,2,0,0,1,2,0,0,0,2,0,0,0,0,3,2,1,2,0,0,0,2,0,0,2,1,0,3,1,0,2,0,2,0,1,1,4,0,1,1,2,2,0,1,0,2,1,0,2,0,1,0,1,1,4,1,0,0,2,0,0,0,0,1,1,1,1,0,2,0,0,1,1,0,1,0,0,0,0,0,0,0,0,0,0,0,0,0,0,0,1,0,0,0,1,0,0,0,0,0,0,0,0,0,0,0,0,0,0,0,0,0,0,0,0,0,0,0,0,0,0,0
Netherlands_Big_city,0,1,1,6,3,5,5,2,2,0,2,2,6,6,7,5,2,7,12,10,7,8,3,8,7,10,11,12,10,11,11,8,8,15,5,5,8,10,6,5,12,6,3,7,10,7,5,10,5,3,6,17,6,11,10,9,4,10,6,6,7,5,6,10,8,13,6,5,8,7,12,5,6,13,8,19,8,11,11,8,7,15,6,8,5,7,7,4,6,6,6,6,5,9,12,10,4,5,7,9,9,5,1,7,6,6,4,6,3,4,8,6,4,7,4,6,4,1,4,3,4,1,7,3,2,2,3,1,1,3,2,4,2,0,2,2,4,0,3,2,0,2,1,1,0,1,0,0,0,1,1,0,1,0,1,1,1,1,0,0,0,0,1,0,0,1,0,0,0,0
Netherlands_Country_village,0,2,2,8,2,4,5,5,3,4,5,4,7,4,5,6,3,7,5,7,5,5,7,3,2,5,5,12,4,7,10,11,8,12,9,13,10,12,4,6,11,18,13,11,8,15,15,10,7,12,18,9,9,15,11,15,10,17,12,10,9,16,12,14,15,13,9,14,7,9,13,5,18,18,6,20,12,15,12,11,10,15,11,15,9,15,12,15,11,12,16,18,12,11,8,8,10,10,13,8,12,8,12,12,12,8,7,17,10,14,11,12,11,11,5,7,15,5,8,11,10,4,4,5,7,3,7,8,7,5,3,4,3,5,3,4,3,5,2,6,2,2,1,0,2,1,1,1,3,0,0,0,1,0,0,1,0,0,0,0,0,0,0,0,0,0,0,0,0,0
Netherlands_Farm_or_home_in_countryside,0,1,1,2,3,2,3,2,3,4,4,4,2,4,0,4,3,0,4,1,1,2,1,2,5,3,4,2,3,3,2,4,4,2,3,1,5,5,3,5,2,1,7,3,6,3,5,5,6,11,7,5,4,4,8,6,3,10,7,9,3,4,6,4,9,4,5,6,4,10,6,11,6,5,3,7,13,6,5,6,5,9,6,7,4,8,7,12,6,7,4,8,12,6,11,10,8,10,7,6,5,4,7,4,11,3,3,4,9,1,7,2,5,3,9,3,12,4,5,3,4,1,7,0,1,1,1,0,3,2,2,1,0,2,2,0,4,1,1,0,0,2,0,0,1,0,0,0,0,0,1,0,0,0,1,0,0,0,0,0,0,0,0,0,0,0,0,0,0,0
Netherlands_Suburbs_or_outskirts_of_big_city,0,0,0,3,3,0,2,2,2,2,5,3,4,3,2,2,2,0,5,6,3,1,3,7,2,4,3,1,2,5,2,6,3,8,7,4,4,10,3,9,4,8,3,3,5,11,8,4,5,10,6,9,3,12,7,13,8,8,7,6,7,12,13,8,10,10,6,11,14,18,7,6,8,9,9,5,10,2,11,6,2,8,2,5,6,8,4,6,4,5,7,8,4,5,7,12,11,7,9,7,7,7,7,5,5,5,7,6,4,5,6,11,12,4,5,8,3,4,2,2,7,2,5,5,4,3,3,4,2,1,5,6,4,0,1,3,2,3,1,5,1,0,1,1,0,0,0,1,1,0,0,0,0,1,0,0,0,0,0,0,0,0,0,0,0,0,0,0,0,0
Netherlands_Town_or_small_city,0,2,1,2,1,2,5,3,2,2,2,3,0,7,0,5,2,4,4,3,1,6,1,3,3,9,3,8,4,6,2,4,4,7,5,8,2,12,7,7,5,7,12,11,9,10,6,8,11,8,10,13,11,4,6,5,9,12,8,8,8,10,3,7,3,11,8,10,5,10,6,13,5,4,6,12,8,8,4,7,6,4,6,8,6,8,6,7,12,7,7,5,6,7,4,7,10,2,5,4,6,7,10,2,4,5,8,3,7,6,7,7,4,3,6,6,4,3,5,3,4,2,2,3,5,5,5,0,5,1,2,0,4,4,3,0,3,1,1,1,0,1,0,0,2,3,0,1,0,1,1,1,0,0,0,0,0,0,0,0,0,0,1,0,0,0,0,0,0,0
Norway_Big_city,0,2,0,0,1,2,2,5,1,1,4,3,3,7,3,5,12,4,12,8,6,5,3,13,9,11,9,13,10,11,6,9,10,7,16,7,5,7,8,10,9,8,7,5,11,6,2,4,3,6,6,6,9,6,2,5,5,4,3,9,9,2,4,3,5,5,7,7,6,2,8,0,6,6,5,1,4,4,5,2,3,3,2,0,6,4,6,5,8,3,2,4,1,1,3,3,5,5,5,2,2,3,1,5,1,1,2,2,4,3,1,2,2,1,5,5,3,2,4,1,1,2,1,5,3,2,2,4,2,4,2,2,1,3,0,2,0,2,1,2,1,1,0,0,1,0,0,1,0,0,0,0,0,0,0,0,0,0,0,0,0,0,1,0,0,0,0,0,0,0
Norway_Country_village,0,2,1,8,1,7,5,6,7,4,4,3,5,3,4,0,4,6,2,6,4,1,3,2,4,1,4,5,5,5,7,2,3,4,3,3,5,2,2,3,6,7,6,9,6,3,8,9,6,7,10,7,9,7,4,4,7,5,6,3,7,6,6,5,5,5,7,4,10,4,4,9,6,4,12,8,3,4,6,2,5,8,9,11,1,4,9,9,5,3,7,2,6,6,9,8,8,5,7,4,5,2,3,6,4,3,8,1,4,2,6,5,2,3,3,0,3,2,3,2,2,3,3,1,1,0,1,2,3,0,2,3,4,1,1,0,3,0,1,3,1,1,1,0,0,0,0,0,0,0,0,1,0,1,0,1,1,1,2,0,0,0,0,0,0,0,0,1,0,0
Norway_Farm_or_home_in_countryside,0,3,5,4,10,14,13,9,9,8,16,9,8,12,14,8,12,4,16,8,10,7,7,15,11,11,13,17,17,9,15,15,20,12,25,19,19,13,21,19,26,26,17,19,19,13,20,19,28,30,29,24,22,21,16,28,21,22,27,18,37,29,20,18,27,25,20,23,32,26,29,27,30,30,18,30,32,24,34,24,40,30,36,26,36,26,39,22,34,24,35,25,37,16,28,22,32,21,37,16,25,17,25,12,27,16,19,18,24,13,20,14,14,10,18,13,19,8,14,10,17,15,22,9,9,4,10,9,7,6,7,5,6,6,11,4,8,8,6,3,8,3,5,4,5,3,5,4,2,1,2,0,1,3,1,0,1,0,0,1,0,1,0,0,0,0,0,0,0,0
Norway_Suburbs_or_outskirts_of_big_city,0,3,0,4,6,7,8,6,12,10,10,10,5,5,11,10,11,6,12,8,8,8,7,8,11,4,6,3,11,6,15,10,8,4,13,9,8,13,13,13,14,11,12,12,13,20,14,11,19,17,12,15,20,14,18,13,15,15,12,15,13,6,8,19,17,12,14,26,11,18,13,10,20,12,13,14,15,14,15,9,17,14,14,15,12,13,13,12,11,8,15,10,11,11,6,15,2,7,9,6,6,10,10,7,10,10,7,13,6,7,6,8,8,7,3,6,6,4,4,8,6,9,4,3,6,3,3,3,1,3,2,2,1,3,6,1,3,3,1,2,0,1,0,6,0,1,1,1,0,0,0,3,0,0,1,0,0,0,0,1,0,0,0,0,0,0,0,0,0,0
Norway_Town_or_small_city,0,0,3,4,3,3,4,8,6,8,9,3,3,6,8,5,8,9,5,5,8,5,5,5,5,6,5,9,7,4,5,5,10,3,9,6,3,10,6,7,6,3,9,10,6,11,6,5,7,6,3,11,7,4,10,8,8,7,3,6,10,6,5,9,8,6,3,15,6,6,11,3,6,7,8,13,11,7,9,9,7,7,6,6,8,7,10,9,6,8,9,4,7,4,2,6,11,5,4,7,1,4,3,4,4,2,8,3,7,2,7,0,5,3,3,2,3,1,6,3,4,4,8,3,2,2,2,1,2,0,2,1,0,3,1,2,1,1,2,4,2,0,0,0,0,2,0,1,0,1,0,0,0,0,0,1,0,0,0,0,0,0,0,0,0,0,0,0,0,0
Poland_Big_city,0,2,0,1,1,2,5,4,5,5,7,4,5,9,10,5,11,9,9,15,10,10,13,7,13,4,6,11,13,16,10,8,5,6,3,12,7,10,10,11,11,5,6,8,5,7,9,10,9,8,9,8,8,8,7,7,4,10,5,8,5,5,5,5,10,7,4,11,5,9,8,12,6,5,6,9,11,7,7,7,9,13,9,17,11,8,4,8,4,12,5,11,8,9,7,7,4,8,8,11,3,8,2,13,6,8,7,4,4,4,2,4,10,3,3,5,5,4,2,9,4,9,7,3,4,2,1,4,1,4,7,2,4,1,2,2,1,2,0,1,2,2,0,0,0,0,1,0,1,0,0,0,0,0,0,0,0,0,0,0,0,0,0,0,0,0,0,0,0,0
Poland_Country_village,0,1,3,2,1,1,3,4,5,0,10,5,6,7,3,14,11,6,8,11,11,10,17,13,12,13,7,5,10,8,9,6,10,11,14,4,14,8,3,8,14,6,9,14,17,5,13,13,10,9,6,7,10,4,11,9,11,8,10,11,5,6,15,10,14,4,13,11,9,6,9,7,13,16,8,6,12,8,10,8,8,4,9,5,6,7,11,5,5,9,6,7,9,3,9,12,9,7,9,4,4,10,8,8,4,8,7,6,5,6,6,7,6,6,4,6,2,7,6,5,5,9,0,5,2,2,2,4,4,5,3,2,1,1,4,5,1,3,3,3,2,1,0,4,1,0,0,0,0,0,0,0,0,1,0,0,0,0,1,0,0,0,0,0,0,0,0,0,0,0
Poland_Farm_or_home_in_countryside,0,0,0,0,0,0,1,1,0,0,0,1,1,0,2,0,1,1,0,1,0,0,1,3,0,0,1,1,0,1,1,0,0,1,1,0,0,0,0,1,4,2,1,0,1,0,1,1,1,2,0,0,2,2,1,3,0,1,2,0,2,0,2,1,0,1,0,0,2,0,0,0,1,1,2,0,0,0,0,1,0,1,2,0,2,1,1,0,0,0,0,0,1,1,0,0,1,1,1,0,0,1,0,1,0,0,0,2,1,0,2,2,1,0,3,0,0,0,0,0,1,0,0,0,0,0,0,0,0,0,0,0,0,0,0,0,0,0,0,0,0,0,0,1,0,0,0,0,0,0,0,0,0,0,0,0,0,0,0,0,0,0,0,0,0,0,0,0,0,0
Poland_Suburbs_or_outskirts_of_big_city,0,0,2,1,1,0,1,2,0,3,1,1,4,0,6,2,6,4,1,1,0,3,4,4,2,4,4,0,3,2,4,3,2,2,1,4,0,9,2,2,1,1,2,1,1,1,1,5,1,2,0,4,6,2,3,3,1,0,1,4,3,1,1,4,3,2,3,0,2,1,3,1,1,3,3,5,5,4,2,2,3,4,2,6,2,7,6,3,3,3,3,3,5,2,2,2,4,0,0,3,3,3,0,1,1,3,2,1,0,1,0,3,0,3,2,0,0,1,1,0,0,0,0,0,2,1,0,0,1,0,1,1,1,0,1,2,2,0,0,0,1,1,0,0,0,0,0,0,0,0,0,0,0,0,0,0,0,0,0,0,0,0,0,0,0,0,0,0,0,0
Poland_Town_or_small_city,0,1,1,2,2,2,3,2,5,2,5,4,4,5,4,7,3,9,12,6,5,7,6,7,13,6,12,3,6,8,3,6,2,8,11,6,8,10,9,7,9,7,3,9,4,5,6,5,7,10,5,10,8,9,5,5,8,4,2,7,9,6,8,6,8,12,7,6,8,13,9,3,4,11,10,4,7,13,4,14,6,10,7,14,6,4,6,7,6,13,9,8,8,7,6,9,9,11,5,5,6,4,7,8,3,6,6,2,3,4,0,9,7,3,4,4,0,1,3,3,3,2,7,3,3,6,4,1,2,4,5,5,1,2,1,3,4,2,1,0,0,1,0,0,0,0,0,0,0,0,0,0,0,0,0,0,0,0,0,0,0,0,0,0,0,0,0,0,0,0
Portugal_Big_city,0,0,0,2,1,1,1,1,1,2,2,3,3,1,4,4,9,2,4,9,5,3,6,11,5,3,6,13,3,3,4,5,6,4,7,8,5,10,5,9,9,10,4,13,1,7,10,7,6,6,4,7,9,11,5,7,8,5,4,8,11,6,3,5,2,11,3,14,4,11,3,12,7,10,3,10,3,9,5,8,1,13,8,6,9,6,7,7,3,7,2,6,3,10,5,8,6,7,6,13,3,4,5,5,8,14,5,11,4,12,6,6,8,6,13,7,7,8,3,7,4,6,8,10,6,7,3,3,5,5,3,7,7,5,5,8,2,4,5,8,2,3,1,1,2,2,0,0,1,0,0,1,1,0,0,0,0,1,0,1,0,0,1,0,0,0,0,0,0,0
Portugal_Country_village,0,0,0,1,1,0,1,0,0,1,1,2,1,1,5,3,3,6,3,5,4,4,3,2,2,6,3,5,8,4,2,5,1,4,5,6,3,6,3,5,3,4,5,7,4,7,5,7,7,4,2,4,7,0,6,8,7,12,5,9,6,4,6,12,7,7,1,2,6,5,5,9,5,7,7,9,5,7,4,5,9,6,6,10,4,6,1,4,7,5,3,10,5,4,1,7,7,8,5,2,10,8,7,14,13,7,14,4,10,4,7,8,8,7,7,9,5,6,3,7,8,1,7,6,4,3,4,9,3,8,5,5,9,4,2,5,5,3,2,2,3,3,1,1,0,0,1,1,0,0,1,0,1,1,0,1,0,0,1,0,0,0,0,0,0,0,0,0,0,0
Portugal_Farm_or_home_in_countryside,0,0,0,0,3,0,0,0,0,0,0,0,1,1,0,0,0,0,0,0,0,0,0,0,0,1,3,1,0,1,1,1,1,4,1,0,1,1,0,0,1,1,0,1,0,2,3,1,0,1,0,0,1,2,1,0,0,0,0,2,1,3,0,1,3,2,3,2,0,2,1,2,2,3,2,0,0,1,1,1,3,1,3,1,2,0,0,0,2,2,0,1,2,1,2,3,3,2,2,4,2,1,0,1,0,3,1,1,3,1,1,1,0,3,3,4,4,1,0,2,0,2,2,2,2,3,3,2,3,2,0,2,1,2,0,1,0,1,0,1,0,1,0,0,0,0,1,0,0,1,0,1,0,0,0,0,0,1,0,0,1,0,0,0,0,0,0,0,0,0
Portugal_Suburbs_or_outskirts_of_big_city,0,0,1,1,0,0,2,0,1,4,1,0,6,8,3,4,5,6,5,7,4,5,12,12,14,10,7,12,10,3,4,14,6,14,8,13,8,11,10,7,9,10,6,5,4,8,5,22,11,6,5,11,9,9,15,13,4,6,7,12,11,9,8,13,6,9,5,6,6,9,6,7,6,6,9,13,5,13,11,9,7,6,5,4,5,7,10,4,4,14,6,9,11,7,5,13,8,7,8,8,11,11,8,8,6,11,6,14,6,11,7,9,10,10,4,10,11,9,6,9,7,5,3,6,8,7,2,7,3,5,2,3,3,4,3,2,4,4,2,2,1,3,1,3,1,0,1,2,1,1,0,2,0,0,1,0,0,0,0,0,0,0,0,0,0,0,0,0,0,0
Portugal_Town_or_small_city,0,1,1,2,1,1,1,0,0,3,1,3,1,1,3,5,2,5,7,5,2,3,5,10,5,4,4,5,6,6,6,5,4,9,4,6,6,6,5,6,9,7,10,6,10,12,7,4,3,6,6,9,3,7,8,8,7,6,5,7,4,10,9,8,7,9,5,9,4,4,5,8,2,6,7,5,3,9,5,9,6,4,3,8,3,8,4,5,3,6,5,7,4,6,1,4,7,9,9,10,9,12,3,6,4,3,7,8,8,4,7,7,12,5,5,10,7,7,7,6,6,4,7,2,3,6,3,1,8,2,4,2,2,7,2,3,1,5,3,3,1,3,1,1,4,0,3,0,0,2,0,0,0,0,0,0,0,0,0,0,0,0,0,0,0,0,0,0,0,0
Romania_Big_city,0,0,0,0,0,0,0,0,0,0,0,0,0,1,0,2,3,1,0,0,1,3,1,2,0,0,0,0,1,1,1,2,0,1,1,2,0,1,1,0,0,1,0,0,1,1,0,3,1,1,1,2,1,0,1,1,1,0,0,2,0,3,1,2,1,0,4,2,1,0,1,2,0,1,0,1,0,1,0,0,0,0,0,0,0,1,0,0,0,2,0,2,2,0,2,0,1,3,1,1,0,0,0,0,1,1,0,1,1,0,1,1,0,0,1,0,0,0,0,0,0,0,0,0,0,0,0,0,0,0,2,0,0,0,0,0,0,0,0,0,0,0,0,0,0,0,0,0,0,0,0,0,0,0,0,0,0,0,0,0,0,0,0,0,0,0,0,0,0,0
Romania_Country_village,0,0,0,0,0,0,0,0,0,0,0,0,0,0,0,0,0,1,1,0,0,0,1,1,0,0,0,1,1,1,0,1,0,1,3,1,3,0,2,0,0,0,1,0,0,0,5,1,1,1,1,1,1,2,1,0,0,0,0,0,0,1,1,2,0,1,1,2,0,1,2,2,0,2,0,1,4,1,2,0,2,1,0,2,2,1,1,0,0,0,2,1,3,1,1,0,2,1,1,0,2,1,0,2,2,0,3,1,2,0,0,0,1,0,2,1,0,0,0,2,0,0,1,0,0,0,2,0,0,0,0,1,0,0,1,0,0,0,1,0,0,0,0,0,0,0,0,0,0,0,0,0,0,0,0,0,0,0,0,0,0,0,0,0,0,0,0,0,0,0
Romania_Farm_or_home_in_countryside,0,0,0,0,0,0,0,0,0,0,0,0,0,0,0,0,0,0,0,0,0,0,1,0,0,0,0,0,0,0,0,0,0,0,0,0,0,0,0,0,0,0,0,0,0,0,0,0,0,0,0,0,0,0,0,0,0,0,0,0,0,0,0,0,0,0,0,0,0,0,0,0,0,0,0,0,0,0,0,0,0,0,0,0,0,0,0,0,0,1,0,0,0,0,0,0,0,0,0,0,0,0,0,0,0,0,0,0,0,0,0,0,0,0,0,0,0,0,0,0,0,0,0,0,0,0,0,0,0,0,0,0,0,0,0,0,0,0,0,0,0,0,0,0,0,0,0,0,0,0,0,0,0,0,0,0,0,0,0,0,0,0,0,0,0,0,0,0,0,0
Romania_Suburbs_or_outskirts_of_big_city,0,0,0,0,0,0,0,0,0,0,0,0,0,0,0,0,0,0,0,0,0,0,0,0,0,0,0,0,0,0,0,0,0,0,0,0,0,0,0,0,0,0,0,0,0,0,0,0,0,0,0,0,0,0,0,0,0,1,0,0,0,0,0,0,0,0,0,0,0,0,0,0,0,0,0,0,0,0,0,0,0,0,0,0,1,0,0,0,0,0,0,0,0,0,0,0,1,1,0,0,0,0,0,0,0,0,0,0,0,0,0,0,0,0,0,0,0,0,0,0,0,0,0,0,0,0,0,0,1,0,0,0,0,0,0,0,0,0,0,0,0,0,0,0,0,0,0,0,0,0,0,0,0,0,0,0,0,0,0,0,0,0,0,0,0,0,0,0,0,0
Romania_Town_or_small_city,0,0,0,0,0,0,0,0,0,0,0,0,0,0,0,0,0,0,1,2,0,1,0,0,0,0,0,2,0,0,1,0,0,2,0,0,0,0,0,0,1,1,0,1,0,0,0,2,1,0,0,1,1,0,0,0,0,2,0,0,0,0,0,1,0,2,0,0,0,0,0,1,0,1,0,0,1,0,0,1,0,0,0,2,2,0,0,1,0,0,1,1,0,1,0,0,0,0,0,1,0,0,1,0,0,0,0,1,0,3,0,0,0,0,0,0,0,1,0,0,0,1,3,1,0,1,0,0,0,0,0,0,1,0,0,0,0,0,0,0,0,0,0,0,0,0,0,0,0,0,0,0,0,0,0,0,0,0,0,0,0,0,0,0,0,0,0,0,0,0
Russian_Federation_Big_city,0,0,1,1,0,3,1,3,5,3,4,8,5,7,5,8,8,10,11,7,10,13,17,16,10,10,11,7,8,9,16,13,11,7,11,6,7,10,5,6,7,8,9,12,7,13,7,11,7,9,5,14,9,9,12,10,2,2,9,9,9,8,7,16,12,6,3,7,8,3,5,21,8,10,3,13,8,11,11,11,6,7,8,13,4,5,4,9,7,7,8,10,2,10,4,6,4,9,1,6,2,8,2,5,6,9,3,6,3,7,2,7,2,8,1,8,2,10,3,10,4,7,1,5,3,2,3,10,4,4,3,9,2,4,3,2,3,4,2,2,2,2,0,0,0,1,2,0,0,0,0,0,0,0,0,1,0,0,0,0,0,0,0,0,0,0,0,0,0,0
Russian_Federation_Country_village,0,0,1,0,0,0,0,2,0,1,0,1,1,1,1,4,3,0,2,3,1,2,3,2,5,3,2,3,2,2,0,4,2,2,3,4,5,5,1,3,7,1,1,2,0,4,1,1,5,3,3,4,6,5,2,5,1,8,1,3,1,6,3,0,3,4,4,5,3,4,2,6,1,4,5,4,5,7,0,6,2,4,2,7,5,9,3,4,2,5,2,5,3,4,4,0,2,5,5,4,4,6,4,4,3,2,0,1,1,5,4,5,3,4,3,3,1,2,4,4,1,0,2,4,0,3,1,3,0,5,1,2,1,0,1,2,0,2,1,2,0,0,0,0,0,0,0,1,0,0,0,0,0,0,0,0,0,0,0,0,0,0,0,0,0,0,0,0,0,0
Russian_Federation_Farm_or_home_in_countryside,0,0,0,0,0,0,0,0,0,0,0,0,0,1,0,0,1,0,2,1,1,0,1,0,0,1,0,0,0,0,0,0,0,0,0,0,2,1,0,1,1,0,2,1,1,1,0,0,1,0,1,0,0,2,0,3,0,0,0,0,0,0,0,0,0,1,1,0,1,0,3,0,0,0,0,0,0,0,0,0,0,1,0,1,1,0,1,2,1,1,0,1,0,1,0,2,1,0,1,3,0,2,0,0,0,2,0,2,0,2,0,0,1,0,0,0,0,1,0,2,0,0,0,0,3,0,0,1,0,1,0,2,0,1,0,0,1,0,0,0,0,0,0,0,0,0,0,0,0,0,0,0,0,0,0,0,0,0,0,0,0,0,0,0,0,0,0,0,0,0
Russian_Federation_Suburbs_or_outskirts_of_big_city,0,0,1,1,0,0,1,0,0,1,1,4,1,1,1,2,2,3,2,2,3,4,1,3,2,2,2,5,2,1,1,2,1,1,0,5,3,2,2,1,4,3,2,3,4,5,1,0,1,1,3,1,2,0,0,1,0,2,1,1,1,2,4,0,1,1,0,4,0,0,1,2,0,3,3,1,1,2,1,3,1,1,1,1,1,0,0,5,1,1,2,0,1,3,0,2,2,2,0,2,1,0,2,1,0,3,1,1,0,1,0,4,1,2,1,1,0,2,0,0,0,0,1,0,0,1,0,1,2,0,0,0,1,1,1,2,0,2,1,0,0,1,0,1,0,0,0,0,0,0,0,0,0,0,0,0,0,0,0,0,0,0,0,0,0,0,0,0,0,0
Russian_Federation_Town_or_small_city,0,0,0,0,2,0,1,1,2,2,0,2,3,4,2,4,9,3,4,6,4,7,3,2,4,8,10,4,7,14,3,2,6,11,8,6,6,5,3,7,9,12,5,4,2,0,2,4,7,6,4,6,5,9,3,9,2,4,1,4,5,8,6,9,6,5,6,9,8,3,5,6,4,4,10,11,5,9,1,13,2,8,5,7,7,9,7,8,1,6,7,7,4,3,5,6,3,11,1,5,3,10,2,9,3,3,10,6,2,5,0,5,7,2,2,12,2,9,0,5,0,3,1,8,0,5,4,2,1,6,0,2,0,5,3,4,1,2,0,4,0,2,0,0,0,1,0,0,0,0,0,0,0,0,0,0,0,0,0,0,0,0,0,0,0,0,0,0,0,0
Serbia_Big_city,0,0,0,0,0,0,0,0,1,0,0,0,2,1,0,0,0,1,0,0,0,0,0,2,1,0,2,0,0,0,0,0,1,0,0,3,2,1,0,0,2,0,0,1,0,2,0,0,2,2,2,2,2,1,1,2,1,0,0,1,0,1,1,0,2,0,1,1,1,2,1,1,3,1,0,0,0,1,0,1,1,1,0,1,2,0,1,1,0,0,0,2,0,0,0,0,0,1,3,0,1,1,3,1,3,1,1,3,0,2,0,0,1,1,0,1,0,1,0,0,0,1,1,1,0,0,1,1,0,0,0,0,2,0,1,1,0,1,0,2,1,0,2,0,0,0,0,0,0,0,0,0,0,0,0,0,0,0,0,0,0,0,0,0,0,0,0,0,0,0
Serbia_Country_village,0,0,0,0,0,0,0,0,1,0,0,0,0,0,0,0,0,0,0,0,0,0,0,1,1,0,0,1,0,0,0,0,1,0,0,0,0,2,1,0,1,1,0,0,0,1,0,0,0,0,1,2,1,0,0,0,0,0,0,1,0,0,0,1,0,0,0,1,1,0,1,0,1,1,0,0,2,1,1,3,2,2,1,0,1,0,2,0,1,0,0,0,0,1,0,2,0,2,1,0,1,0,0,0,1,1,2,1,0,1,2,1,2,0,2,0,0,1,0,1,0,0,0,0,1,0,1,0,1,0,0,0,2,0,0,0,0,1,0,0,0,0,0,0,0,0,0,0,0,0,0,0,0,0,0,0,0,0,0,0,0,0,0,0,0,0,0,0,0,0
Serbia_Farm_or_home_in_countryside,0,0,0,0,0,0,0,0,0,0,0,0,0,0,0,0,0,0,0,0,0,0,0,0,0,0,0,0,0,0,0,0,0,0,0,0,0,0,0,0,0,0,0,0,0,0,0,0,0,0,0,0,0,0,0,0,0,0,0,0,0,0,0,0,0,0,0,0,0,0,0,0,0,0,0,0,0,0,0,0,0,0,0,0,0,0,0,0,0,0,0,0,0,0,1,0,1,0,0,0,1,1,1,0,0,0,0,0,0,0,0,0,0,0,0,0,0,0,0,0,0,0,0,0,0,0,0,0,0,0,0,0,0,0,0,0,0,0,0,0,0,0,0,0,0,0,0,1,0,0,0,0,0,0,0,0,0,0,0,0,0,0,0,0,0,0,0,0,0,0
Serbia_Suburbs_or_outskirts_of_big_city,0,0,0,0,0,0,0,0,0,0,0,1,0,1,1,0,1,1,0,0,0,0,2,1,0,0,0,0,0,2,0,0,1,0,0,0,1,1,0,0,0,1,2,1,1,2,1,0,2,0,0,4,0,2,1,2,0,2,0,0,2,1,2,3,1,0,2,2,1,0,2,2,0,1,0,1,1,2,0,1,2,1,3,0,1,1,0,3,2,3,1,1,2,0,0,2,1,4,1,3,1,0,2,2,2,1,3,0,2,0,1,3,2,0,1,1,1,1,0,1,1,0,0,0,0,1,0,1,3,1,3,0,0,0,0,0,0,1,0,0,0,0,0,0,0,1,0,0,0,0,0,0,0,0,0,0,0,0,0,0,0,0,0,0,0,0,0,0,0,0
Serbia_Town_or_small_city,0,0,0,0,0,0,0,0,1,1,0,0,0,0,0,0,0,0,0,0,0,1,0,0,0,0,2,2,2,0,0,1,0,0,0,1,0,1,1,0,1,1,2,0,0,0,2,2,1,0,0,1,0,1,0,1,0,0,1,2,0,0,1,2,1,1,0,2,0,0,0,2,0,0,0,0,1,1,0,0,1,0,0,0,1,1,0,2,0,0,0,1,0,0,1,1,1,2,1,0,1,0,1,0,0,0,0,1,1,0,0,1,0,1,2,0,0,0,0,1,0,0,0,1,0,0,1,0,0,0,1,1,1,0,0,0,0,0,0,0,0,0,1,0,0,0,0,0,0,0,0,0,0,0,0,0,0,0,0,0,0,0,0,0,0,0,0,0,0,0
Slovakia_Big_city,0,0,0,1,0,0,0,1,0,1,0,1,0,0,2,3,1,6,2,0,3,0,0,4,1,3,2,2,1,4,2,2,7,5,2,3,3,2,4,3,1,1,5,2,1,2,1,3,4,4,4,5,2,2,3,5,2,0,1,1,1,1,1,4,1,2,2,5,2,5,6,2,2,3,1,6,3,5,3,5,3,5,3,4,4,6,5,7,6,5,3,3,5,5,1,5,3,3,0,6,1,5,3,3,2,5,2,4,3,5,4,2,2,0,1,1,0,4,1,3,2,3,2,4,1,2,0,1,2,1,0,3,1,1,0,2,2,1,1,2,1,2,0,0,0,0,0,0,0,0,0,0,0,0,0,0,0,0,0,0,0,0,0,0,0,0,0,0,0,0
Slovakia_Country_village,0,0,1,0,1,0,0,0,2,1,3,2,3,1,3,2,2,7,8,1,2,4,0,7,6,10,4,8,6,6,0,10,6,2,4,8,4,7,6,8,3,7,4,5,5,5,8,5,11,6,4,2,2,3,5,11,3,4,7,3,5,6,6,8,13,6,6,4,9,6,0,17,9,9,8,7,7,8,8,6,8,6,7,10,6,12,6,8,4,5,11,7,5,6,7,10,8,8,2,6,3,6,4,8,6,7,4,7,1,6,3,2,6,5,2,4,3,5,1,4,5,4,1,6,4,4,2,4,2,0,0,2,2,2,2,3,0,3,1,0,0,0,1,1,0,1,1,0,0,0,0,0,0,0,0,0,0,0,0,0,0,0,0,0,0,0,0,0,0,0
Slovakia_Farm_or_home_in_countryside,0,0,0,0,0,0,0,0,0,0,0,0,0,0,0,0,0,0,0,0,1,0,0,0,0,0,1,0,0,0,0,0,0,1,0,0,0,0,1,0,0,0,0,0,1,0,0,1,0,1,1,1,0,0,0,0,0,0,1,0,2,0,0,0,1,0,0,0,0,0,0,0,0,0,0,1,0,0,0,0,1,0,0,0,1,0,0,0,0,0,1,1,1,0,0,0,1,0,0,0,0,0,0,0,0,0,0,0,0,0,0,0,0,0,0,0,0,0,0,0,1,0,0,0,0,0,0,0,0,0,0,0,0,0,0,0,0,1,0,0,0,0,0,0,0,0,0,0,0,0,0,0,0,0,0,0,0,0,0,0,0,0,0,0,0,0,0,0,0,0
Slovakia_Suburbs_or_outskirts_of_big_city,0,0,0,0,0,0,0,0,0,1,1,0,0,4,0,1,1,0,0,0,1,2,0,1,0,3,3,2,1,3,1,6,1,0,0,1,2,2,1,1,2,2,1,0,0,0,1,2,1,2,1,1,1,4,2,1,3,1,3,2,0,4,3,2,1,4,0,2,3,2,3,5,4,2,2,4,4,2,2,1,2,0,2,1,3,6,0,1,2,2,4,1,2,4,3,4,2,2,4,2,0,2,0,2,1,1,1,0,1,1,2,2,1,2,1,1,1,2,2,2,1,1,0,2,0,1,0,1,1,2,1,0,0,0,0,1,0,0,0,1,0,1,0,0,0,0,0,1,0,0,0,0,0,0,1,0,0,0,0,0,0,0,0,0,0,0,0,0,0,0
Slovakia_Town_or_small_city,0,1,0,0,0,0,0,0,0,0,1,0,1,1,2,5,4,2,2,2,5,4,2,2,4,3,7,8,5,4,1,2,5,8,3,7,7,4,4,9,6,3,3,6,3,5,4,4,3,6,3,3,4,4,2,2,5,3,0,6,6,6,5,5,3,6,5,7,4,5,8,2,4,8,6,6,5,5,2,6,5,11,3,8,4,3,7,3,3,4,2,6,1,3,3,6,5,9,2,8,2,5,2,6,4,3,4,6,4,4,4,6,3,5,3,6,4,3,1,2,1,4,1,2,3,2,1,1,0,0,2,2,1,1,0,1,0,1,0,0,0,3,0,0,0,0,0,0,0,0,0,0,0,0,0,0,0,0,0,0,0,0,0,0,0,0,0,0,0,0
Slovenia_Big_city,0,0,1,0,0,1,1,0,0,0,1,1,0,0,0,1,1,1,3,1,1,2,1,2,0,4,2,0,4,2,5,2,5,1,2,3,0,5,2,4,2,4,5,1,2,2,3,4,2,3,3,4,6,2,3,3,2,5,3,4,0,5,5,0,0,4,1,1,0,4,1,7,4,1,2,3,0,5,3,3,4,3,3,7,0,2,4,5,3,9,0,4,0,2,2,3,1,3,2,0,2,2,1,1,0,0,2,0,1,3,2,1,2,2,2,1,0,1,0,2,2,2,0,2,3,2,1,1,0,0,0,3,3,3,0,0,1,2,3,0,0,0,0,2,0,2,1,0,0,0,0,0,1,0,0,0,0,1,0,0,0,0,0,0,0,0,0,0,0,0
Slovenia_Country_village,0,1,2,1,0,1,6,5,6,2,3,5,2,6,4,2,5,1,11,9,3,6,5,8,2,12,7,11,4,6,7,4,8,5,5,9,7,12,7,8,3,3,9,8,10,8,8,5,3,10,6,9,6,10,6,6,4,19,7,4,6,7,8,9,6,6,9,6,9,8,4,8,6,12,7,12,10,11,7,14,9,6,6,12,5,9,7,8,5,10,9,6,10,4,7,9,10,6,7,9,4,8,9,5,7,1,5,6,7,7,4,7,6,4,1,4,2,6,5,5,4,6,2,2,2,3,3,1,4,1,4,2,2,1,6,5,3,0,2,0,1,1,0,2,0,0,0,2,1,1,0,1,1,0,0,0,0,0,1,0,0,0,0,0,0,0,0,0,0,0
Slovenia_Farm_or_home_in_countryside,0,1,4,2,3,2,5,3,5,3,2,3,4,1,6,3,3,10,5,6,4,1,7,2,6,6,4,2,11,4,8,5,6,0,3,2,5,6,7,4,3,10,6,1,7,8,5,4,8,7,11,8,10,6,6,10,4,4,6,7,11,6,3,12,5,11,8,5,4,7,10,5,5,6,11,11,8,4,11,7,4,3,13,4,7,4,4,4,4,4,8,2,6,3,8,8,6,8,6,2,3,8,4,8,9,3,5,4,4,1,4,3,2,0,4,4,5,0,6,2,4,3,2,4,2,2,3,3,4,1,1,6,3,0,4,3,0,0,1,0,0,1,1,0,1,1,1,0,0,1,0,1,1,0,0,0,0,0,0,0,0,0,0,0,0,0,0,0,0,0
Slovenia_Suburbs_or_outskirts_of_big_city,0,0,0,1,1,3,0,4,3,3,6,4,2,3,4,3,3,6,5,5,6,5,7,5,4,5,8,8,4,3,3,5,7,5,6,5,5,5,6,5,5,7,3,8,5,3,4,4,2,7,6,4,8,5,7,9,3,7,7,10,5,9,2,10,3,4,7,8,7,9,7,5,7,7,4,9,3,7,13,3,4,6,4,12,5,4,4,5,3,4,7,5,4,6,3,11,4,6,7,7,4,4,3,10,4,4,4,4,4,5,6,10,2,7,3,4,6,7,4,2,3,6,5,4,4,2,8,1,1,3,2,5,1,4,0,1,1,2,3,3,1,2,0,1,1,2,1,0,0,0,0,0,0,0,0,0,0,0,0,0,0,0,0,0,0,0,0,0,0,0
Slovenia_Town_or_small_city,0,1,0,2,0,0,0,2,2,2,4,0,1,2,2,4,3,1,2,3,5,2,4,6,3,1,5,2,2,2,3,1,2,1,5,3,4,2,3,9,4,1,3,3,3,4,2,5,3,3,1,0,3,4,4,7,4,5,3,3,5,7,1,4,4,6,4,3,1,5,6,5,4,4,4,4,2,1,3,6,0,2,2,3,3,2,3,3,3,3,3,6,7,4,1,4,3,3,2,1,2,3,6,2,0,1,1,4,1,2,3,2,2,2,1,3,0,5,0,1,1,1,0,2,2,3,0,0,2,1,1,0,1,0,0,0,3,1,1,1,0,2,0,1,1,1,1,1,0,1,0,0,0,2,0,0,0,0,0,0,0,0,0,0,0,0,0,0,0,0
Spain_Big_city,0,0,1,0,3,0,3,3,0,4,2,4,4,3,6,6,5,11,2,7,8,8,7,6,4,6,8,4,3,5,11,6,6,10,7,12,9,7,6,7,10,9,7,10,10,8,13,9,11,8,4,4,6,9,10,8,6,8,4,9,9,10,2,15,11,6,8,16,4,5,9,5,7,6,8,14,4,7,8,6,4,9,9,7,4,7,6,9,7,7,7,9,5,3,8,4,3,7,7,8,8,12,3,4,5,4,10,6,5,3,3,3,6,5,7,1,6,2,4,3,5,3,4,3,4,4,3,0,5,0,4,4,2,2,2,4,1,2,1,2,4,2,2,0,1,0,2,0,0,1,0,1,1,0,0,0,0,0,0,0,1,0,0,0,0,0,0,0,0,0
Spain_Country_village,0,0,2,2,2,2,3,3,3,3,3,6,8,5,6,13,9,4,10,7,7,7,7,5,13,9,7,9,10,11,7,14,15,14,10,8,17,16,11,8,8,15,19,11,14,9,11,11,13,17,11,12,14,17,14,14,7,14,12,13,10,7,13,10,13,11,7,9,10,7,6,13,9,11,11,10,8,12,7,8,12,8,10,6,6,7,11,9,8,12,13,6,11,8,7,4,13,8,8,7,5,6,5,6,7,8,7,7,6,5,4,6,6,4,7,3,3,3,5,0,4,9,7,8,4,6,5,3,2,4,4,2,7,3,7,5,5,1,1,2,1,1,0,2,1,0,1,0,1,1,0,0,1,2,0,0,0,0,0,0,0,0,0,0,0,0,0,0,0,0
Spain_Farm_or_home_in_countryside,0,0,0,0,0,1,0,2,1,1,1,1,0,2,0,2,2,0,1,3,3,5,5,2,3,3,3,3,1,2,5,3,2,2,2,1,2,2,2,1,2,2,6,2,3,3,1,3,1,1,3,5,2,1,5,3,4,3,2,5,3,4,3,5,4,4,4,2,9,2,5,2,5,5,3,2,3,1,5,3,5,2,2,1,3,0,6,3,6,3,3,3,3,2,1,1,8,2,2,1,1,0,2,2,4,3,4,2,4,0,7,4,3,3,2,3,7,3,2,3,6,5,1,2,4,1,3,4,1,3,4,0,1,2,1,3,3,4,1,2,0,0,1,1,0,1,2,0,0,0,0,1,0,0,0,0,0,0,0,0,0,0,0,0,0,0,0,0,0,0
Spain_Suburbs_or_outskirts_of_big_city,0,1,0,0,1,2,2,0,3,2,3,3,1,3,1,2,2,5,3,3,3,4,3,4,3,6,5,3,4,7,4,5,6,2,7,2,4,4,5,6,7,5,11,9,7,5,5,5,5,6,7,4,5,5,3,2,6,6,2,7,5,5,5,10,5,2,6,3,3,4,4,3,6,6,2,4,7,6,3,6,6,3,0,5,5,3,5,2,1,1,2,2,2,1,7,5,0,0,4,2,2,3,3,4,2,1,4,1,1,2,5,5,5,0,1,2,3,1,1,0,1,2,3,1,2,1,1,0,0,1,2,2,2,3,0,0,2,1,0,0,0,0,0,0,2,0,0,0,0,0,0,0,1,0,0,0,0,0,0,0,0,0,0,0,0,0,0,0,0,0
Spain_Town_or_small_city,0,0,0,0,2,3,2,0,1,3,3,2,2,3,8,4,7,7,1,6,6,11,8,10,5,7,2,5,7,9,5,4,10,8,9,10,6,9,7,7,9,17,10,10,8,13,10,10,7,7,8,10,12,12,7,10,6,7,11,11,3,9,9,4,11,15,10,8,6,7,8,6,10,8,8,6,7,4,4,8,5,5,12,5,7,3,6,6,5,2,4,6,8,5,8,5,5,6,8,5,7,9,5,7,4,2,4,2,7,7,3,2,9,0,3,4,6,3,7,3,4,2,6,2,3,2,4,0,1,1,2,2,3,3,4,0,3,0,1,1,3,0,0,0,0,0,0,0,0,0,0,0,0,0,0,0,0,1,0,0,0,0,0,0,0,0,0,0,0,0
Sweden_Big_city,0,0,0,0,2,1,2,1,3,1,1,7,3,3,5,3,7,7,5,11,7,6,15,8,15,8,11,7,10,5,2,3,11,9,8,8,5,8,7,4,7,5,7,3,7,7,9,5,6,5,8,5,3,5,3,1,3,5,3,10,6,4,2,7,2,1,1,5,2,3,4,4,4,3,6,6,5,4,9,2,3,3,7,4,7,7,4,8,2,2,4,5,9,7,8,6,2,9,4,2,5,4,4,4,7,7,3,0,3,2,1,1,1,7,3,1,1,2,4,3,2,1,2,1,1,3,2,0,2,2,1,3,2,0,3,3,1,1,2,1,1,1,2,0,0,2,1,2,1,0,1,0,2,1,1,0,0,0,0,0,0,0,0,0,0,0,0,0,0,0
Sweden_Country_village,0,4,2,1,5,1,5,3,2,0,3,5,4,2,3,2,4,0,4,0,2,2,2,1,6,4,1,3,1,3,1,3,2,1,3,2,2,3,6,3,6,8,4,7,6,8,2,2,6,5,4,4,2,11,4,5,1,8,5,5,7,4,4,6,4,6,6,4,3,10,2,7,4,3,5,6,0,4,3,10,3,4,3,1,11,6,3,4,6,8,3,3,5,5,6,5,7,3,9,5,5,5,10,7,9,1,6,5,4,4,5,7,5,5,5,2,3,4,3,3,3,0,4,0,8,2,3,6,4,3,1,0,5,3,0,1,1,1,4,3,2,3,3,1,0,2,1,1,0,2,1,1,0,0,0,0,0,0,1,0,0,0,0,0,0,0,0,0,0,0
Sweden_Farm_or_home_in_countryside,0,3,0,5,5,8,12,7,4,11,14,1,14,8,3,3,8,6,3,10,5,11,8,7,8,6,10,5,7,10,7,9,8,13,11,9,7,11,3,10,10,15,14,10,17,8,10,19,18,12,10,13,15,14,14,13,18,20,24,10,11,17,11,13,12,19,18,14,18,9,17,17,23,12,8,16,21,18,9,19,13,26,19,24,19,17,19,18,14,16,12,12,16,17,21,17,17,11,14,12,22,20,17,15,20,16,18,16,14,9,18,9,15,17,16,10,12,12,7,6,7,4,12,10,14,4,5,3,3,7,3,7,10,1,5,6,4,3,2,0,3,4,3,1,3,1,2,2,1,2,2,4,2,0,0,1,1,0,1,0,0,0,0,1,0,0,1,0,0,0
Sweden_Suburbs_or_outskirts_of_big_city,0,4,2,6,5,8,7,9,10,11,12,9,13,9,12,7,12,15,14,12,11,8,7,12,13,9,14,5,11,6,16,11,20,13,14,6,15,15,12,14,14,16,12,13,12,11,13,17,19,13,9,16,17,15,19,22,22,14,18,19,12,15,16,19,10,22,15,14,14,16,14,13,19,16,12,18,22,15,14,15,13,17,16,18,14,17,14,20,12,20,18,15,14,1,7,10,15,14,16,13,10,10,14,12,5,18,17,12,10,11,15,9,5,13,4,15,20,8,6,7,13,8,10,6,4,6,9,6,8,6,5,4,4,5,5,3,5,2,2,4,3,3,3,0,1,4,0,1,3,3,0,1,2,0,1,0,0,0,0,0,0,1,0,0,0,0,0,0,0,0
Sweden_Town_or_small_city,0,2,3,6,1,3,7,7,2,13,4,9,7,12,7,6,7,3,12,6,8,10,5,5,11,7,12,6,13,7,8,9,6,6,10,7,4,3,1,5,7,10,8,3,10,3,8,7,5,10,7,9,12,9,13,12,9,4,9,9,8,11,11,7,10,3,19,6,11,11,10,9,8,9,5,10,9,10,4,10,8,12,10,15,11,13,3,9,4,18,8,10,11,2,9,14,8,7,8,7,8,7,11,11,10,8,4,8,12,6,4,1,12,10,8,14,4,8,5,3,5,5,8,7,6,9,4,8,6,1,6,3,6,8,7,5,1,5,3,4,1,3,1,2,2,2,1,4,1,0,1,1,2,0,0,0,1,2,0,1,0,0,0,0,0,0,0,0,0,0
Switzerland_Big_city,0,0,1,1,0,1,1,1,2,0,1,3,4,1,3,2,4,1,2,4,0,4,2,2,3,4,6,2,2,2,2,4,1,3,4,4,3,6,2,7,2,2,2,5,3,1,4,4,4,5,6,1,2,3,2,4,4,1,3,4,2,1,3,1,2,4,1,3,1,4,2,5,4,2,4,7,4,1,2,3,1,0,5,0,0,0,2,1,2,2,3,2,2,3,1,3,4,1,2,0,0,0,2,2,0,1,1,1,1,1,1,2,0,3,1,2,0,2,3,1,2,2,2,1,0,1,0,4,1,1,1,1,0,1,1,2,1,0,1,3,0,0,2,0,2,0,0,0,0,0,0,1,0,0,0,0,1,0,0,0,0,1,0,0,1,0,0,0,0,0
Switzerland_Country_village,0,1,2,8,11,8,10,10,4,8,11,9,12,13,11,5,12,7,8,4,9,3,11,8,5,8,8,8,7,12,10,5,15,13,14,17,7,11,8,11,9,7,13,16,13,17,5,20,8,17,12,13,16,19,15,21,17,12,16,23,18,11,19,15,18,21,11,18,11,23,13,7,15,13,19,16,20,14,15,16,9,8,10,17,11,13,11,15,10,19,12,17,18,18,13,20,14,10,10,9,12,14,10,9,17,11,13,7,8,12,10,7,4,6,7,10,9,15,5,4,9,13,6,5,3,7,11,3,1,6,2,3,10,1,8,1,4,4,2,4,0,2,2,0,3,3,1,1,0,0,0,0,0,2,0,2,0,0,0,0,0,0,0,0,1,0,0,0,0,0
Switzerland_Farm_or_home_in_countryside,1,0,0,1,2,4,3,1,1,4,2,7,1,3,2,6,6,2,1,1,2,7,4,4,0,3,3,3,1,5,2,2,3,5,8,5,3,9,7,5,3,11,5,7,11,7,4,4,6,5,9,9,9,12,6,6,6,4,6,7,8,8,6,8,9,7,6,7,8,5,11,3,6,6,6,4,6,3,8,4,2,8,5,7,7,6,4,5,6,3,6,4,8,7,6,3,9,5,5,3,5,4,2,2,1,3,4,2,3,3,2,7,2,5,5,2,7,3,2,0,6,5,2,5,2,3,3,4,3,4,1,0,2,2,2,3,1,0,3,2,2,0,3,1,2,1,0,0,0,0,0,0,1,0,0,0,1,0,0,1,0,0,0,0,0,0,0,0,0,0
Switzerland_Suburbs_or_outskirts_of_big_city,0,1,0,1,2,4,8,1,4,0,3,1,4,1,6,3,3,3,6,2,3,3,6,5,1,3,7,4,8,3,6,4,6,10,5,4,6,5,2,8,5,5,8,3,4,5,10,8,7,7,8,5,4,10,3,11,5,3,7,3,7,10,5,6,10,8,6,6,7,6,6,7,4,6,7,7,4,8,8,7,7,5,6,5,4,9,4,6,8,8,7,4,6,7,8,9,2,3,9,7,2,9,8,7,9,3,6,4,8,9,7,4,3,4,5,7,6,8,0,5,5,4,5,2,4,2,3,2,3,5,3,2,3,1,1,4,3,4,4,1,0,1,1,5,1,1,0,0,0,0,0,2,0,0,1,2,0,1,0,0,0,0,0,0,0,0,0,0,0,0
Switzerland_Town_or_small_city,0,1,2,1,0,1,4,2,3,4,3,3,3,3,5,4,0,0,5,7,5,4,7,3,6,8,7,13,4,3,1,6,6,4,8,9,6,7,4,5,8,7,11,8,6,2,8,2,6,0,11,4,6,7,4,7,10,7,6,6,6,4,7,9,3,6,5,9,7,7,1,5,3,6,2,2,5,6,5,4,5,6,9,4,8,3,9,6,5,6,3,2,3,7,4,5,4,5,4,2,10,7,7,7,3,2,7,0,4,3,5,2,5,2,4,3,7,2,2,2,2,6,7,2,1,4,3,3,5,1,4,2,1,2,2,2,1,4,1,0,3,2,0,3,0,0,1,1,1,0,1,0,2,2,0,2,1,0,0,0,0,0,0,0,1,0,0,0,0,0
Turkey_Big_city,0,0,0,0,0,0,1,0,0,2,1,2,0,1,1,3,3,1,5,3,6,4,5,4,2,5,5,4,1,8,7,4,4,4,2,1,1,6,1,1,3,2,5,4,6,4,6,3,4,4,5,0,10,0,6,2,2,1,6,1,1,0,3,2,2,1,1,3,2,1,5,1,5,0,0,0,2,3,0,2,3,0,2,4,2,0,3,1,2,0,1,0,1,0,0,0,1,0,2,0,1,1,2,0,1,0,3,0,1,0,2,1,2,0,1,1,0,1,1,0,0,0,0,0,2,0,0,0,0,0,0,0,0,0,0,0,0,1,0,0,0,0,0,0,0,0,0,0,1,0,0,0,0,0,0,0,0,0,0,0,0,0,0,0,0,0,0,0,0,0
Turkey_Country_village,0,0,0,0,1,0,2,0,0,1,1,0,1,3,1,0,1,1,1,0,1,0,3,1,1,0,0,1,0,1,1,0,1,0,2,0,3,0,1,0,5,0,0,0,2,0,2,0,3,0,3,1,6,0,5,0,2,0,0,0,2,0,2,0,2,1,3,1,2,0,2,0,0,0,3,0,0,0,4,0,4,0,5,0,1,0,2,0,2,0,0,0,0,0,1,0,1,0,1,0,3,0,0,0,0,0,1,0,0,0,0,0,3,0,0,0,1,0,0,0,1,0,1,0,0,0,1,0,0,0,2,0,0,0,0,0,0,0,0,0,0,0,0,0,0,0,0,0,0,0,0,0,0,0,0,0,0,0,0,0,0,0,0,0,0,0,0,0,0,0
Turkey_Farm_or_home_in_countryside,0,0,0,0,0,0,0,0,0,0,0,0,0,0,0,0,0,0,0,0,0,1,0,0,0,0,0,0,0,0,0,0,0,0,0,0,0,0,0,0,0,0,0,0,1,0,0,0,0,0,0,0,0,0,0,0,0,0,1,0,0,0,0,0,0,0,0,0,0,0,0,0,0,0,0,0,0,0,0,0,0,0,0,0,0,0,0,0,0,0,0,0,0,0,0,0,0,0,0,0,0,0,0,0,0,0,0,0,0,0,0,0,0,0,0,0,0,0,0,0,0,0,0,0,0,0,0,0,0,0,0,0,0,0,0,0,0,0,0,0,0,0,0,0,0,0,0,0,0,0,0,0,0,0,0,0,0,0,0,0,0,0,0,0,0,0,0,0,0,0
Turkey_Suburbs_or_outskirts_of_big_city,0,0,0,0,0,0,0,0,1,1,1,2,0,0,0,0,1,0,2,1,1,0,1,0,2,1,1,2,1,1,1,1,2,0,1,1,2,0,1,1,1,1,0,1,0,1,0,0,1,0,1,1,4,1,0,0,1,0,1,0,0,1,0,0,0,0,0,0,1,1,0,0,2,0,0,0,1,0,0,0,0,0,1,0,1,0,0,0,0,0,0,0,0,0,0,0,2,0,0,0,0,1,0,0,0,1,1,0,0,0,0,0,0,1,0,0,0,0,0,0,0,0,0,0,0,0,0,0,0,0,0,0,1,0,0,0,0,0,0,0,0,0,0,0,0,0,0,0,0,0,0,0,0,0,0,0,0,0,0,0,0,0,0,0,0,0,0,0,0,0
Turkey_Town_or_small_city,0,0,0,0,0,0,0,0,0,1,0,0,1,0,0,1,1,0,1,1,1,0,0,0,2,3,0,1,0,1,2,0,0,0,0,0,0,0,0,0,2,0,1,0,0,1,1,1,1,0,0,2,0,0,2,0,1,2,2,0,4,0,3,0,1,0,0,0,0,0,2,0,0,0,0,0,1,0,1,0,1,0,0,0,0,0,1,0,1,0,0,0,1,0,0,0,2,0,2,0,1,0,0,0,1,0,0,0,0,0,0,0,1,0,0,0,0,0,1,0,0,0,0,0,0,0,0,0,0,0,0,0,0,0,0,0,0,0,1,0,0,0,0,0,0,0,0,0,0,0,0,0,0,0,0,0,0,0,0,0,0,0,0,0,0,0,0,0,0,0
Ukraine_Big_city,0,0,0,0,0,2,2,1,2,1,0,2,1,1,2,2,7,5,4,4,5,7,6,5,5,6,6,6,4,8,5,9,5,9,2,8,2,3,2,5,6,7,5,5,3,3,4,2,5,8,1,9,2,9,2,7,4,6,4,8,3,8,4,9,3,9,4,10,4,8,4,16,6,1,4,11,5,7,2,11,2,3,5,14,3,5,4,3,2,8,4,8,2,12,1,9,6,7,3,5,3,12,0,5,1,9,4,8,4,4,4,4,3,3,1,3,2,7,4,4,0,7,2,6,6,4,2,3,1,6,2,3,0,2,0,2,0,0,0,1,2,3,1,1,1,1,0,0,0,0,0,0,0,0,1,0,0,0,0,0,0,0,0,0,0,0,0,0,0,0
Ukraine_Country_village,0,0,0,0,1,0,0,1,0,0,1,2,1,2,0,4,0,0,5,3,6,0,4,2,2,4,4,1,3,5,3,4,0,5,7,1,2,2,3,2,2,6,4,5,3,8,1,1,1,3,2,5,0,6,4,3,3,8,1,4,3,5,4,9,3,4,6,8,6,6,3,7,7,5,8,4,1,5,3,5,5,8,3,8,2,5,2,6,3,6,1,5,5,5,1,10,2,3,7,4,8,7,0,7,6,6,4,6,2,3,4,4,3,0,3,6,4,4,1,6,3,6,1,3,2,7,1,2,2,1,1,2,1,1,1,1,0,0,0,1,1,0,2,0,1,1,1,0,0,1,0,0,0,0,0,0,0,0,0,0,0,0,0,0,0,0,0,0,0,1
Ukraine_Farm_or_home_in_countryside,0,0,0,0,0,0,0,0,0,0,0,0,0,0,0,0,0,0,0,0,0,0,0,0,0,1,1,0,0,0,0,0,0,0,0,0,0,0,0,0,0,0,0,0,0,0,0,0,0,1,0,1,0,0,0,0,1,0,0,0,0,0,0,0,0,1,0,0,0,0,0,0,0,0,0,0,0,1,0,0,0,0,0,0,0,0,0,0,0,0,0,0,0,0,0,0,0,0,1,0,0,0,0,0,0,0,0,0,0,0,0,0,0,0,0,0,0,0,0,1,0,0,0,0,0,0,0,0,0,0,0,0,0,0,0,0,0,0,0,0,0,0,0,0,0,0,0,0,0,0,0,0,0,0,0,0,0,0,0,0,0,0,0,0,0,0,0,0,0,0
Ukraine_Suburbs_or_outskirts_of_big_city,0,0,0,0,0,0,0,0,0,0,0,0,0,0,0,0,0,0,1,0,0,1,0,2,0,1,0,0,0,2,1,0,0,1,1,0,1,0,0,1,0,0,0,0,0,1,0,0,0,0,0,1,2,2,1,1,0,0,0,2,0,1,0,1,0,0,0,0,0,0,0,0,0,2,0,1,0,2,1,1,0,1,0,0,0,1,0,0,0,0,0,0,0,2,1,0,0,1,0,3,1,1,0,2,1,0,0,1,0,0,0,0,0,0,1,0,0,0,0,0,1,1,0,0,0,1,1,0,0,2,0,0,0,0,1,1,1,0,0,0,0,0,0,0,0,0,0,1,0,0,0,0,0,0,0,0,0,0,0,0,0,0,0,0,0,0,0,0,0,0
Ukraine_Town_or_small_city,0,0,0,0,0,1,1,3,1,0,1,0,2,0,2,2,1,3,2,2,1,3,5,3,2,5,6,2,1,2,4,8,2,5,4,5,1,2,7,4,3,4,2,4,6,3,5,4,4,6,2,1,5,4,1,3,1,3,2,6,1,4,3,1,3,1,2,3,3,5,5,7,4,3,5,4,2,3,3,6,0,4,3,2,1,4,0,3,4,3,2,4,2,4,1,4,0,1,4,5,2,2,4,5,5,4,1,1,0,4,3,6,1,2,3,5,4,5,2,2,2,2,3,4,4,3,0,5,1,0,1,0,3,3,1,0,2,4,0,3,0,0,0,0,1,2,0,0,0,1,0,0,0,0,0,0,0,0,0,0,0,0,0,0,0,0,0,0,0,0
United_Kingdom_Big_city,0,0,0,0,1,0,0,0,5,2,2,6,1,4,3,0,3,5,4,4,8,6,6,3,7,1,3,6,2,5,5,7,1,8,3,9,1,2,0,6,6,3,7,2,1,6,5,4,2,4,2,5,5,1,5,5,7,6,5,4,4,5,2,1,1,5,2,4,6,2,4,3,1,3,3,6,5,2,5,5,5,1,2,3,4,1,1,4,0,4,0,6,0,3,2,3,1,4,1,2,1,3,0,4,4,3,5,2,0,2,4,7,2,1,1,0,2,0,1,3,2,0,0,2,2,2,0,2,1,2,0,0,1,1,2,0,1,1,0,3,0,0,0,0,1,2,0,0,0,0,0,0,0,0,0,0,0,0,0,0,0,0,0,0,0,0,0,0,0,0
United_Kingdom_Country_village,0,3,0,1,1,1,1,5,1,2,4,1,2,3,0,3,1,1,2,3,1,2,0,5,1,6,3,4,4,3,1,3,5,6,4,4,5,5,7,2,2,6,1,7,4,10,6,7,12,10,15,11,7,7,4,8,9,5,3,8,4,7,7,14,4,10,5,11,8,5,8,9,5,7,3,6,12,4,5,7,7,7,3,6,12,7,9,5,7,11,17,13,5,7,6,7,7,9,6,6,8,9,10,7,7,6,3,7,9,8,6,11,4,6,5,10,6,6,9,3,2,3,2,11,5,4,4,5,3,4,3,6,6,5,4,6,4,6,2,4,2,2,2,1,2,1,1,0,2,1,0,1,0,1,1,1,2,1,0,0,0,0,1,0,0,0,0,0,0,0
United_Kingdom_Farm_or_home_in_countryside,0,1,1,2,3,1,0,3,1,3,2,1,0,4,1,3,0,1,0,1,0,1,2,4,4,1,0,1,2,3,1,1,4,2,6,1,1,2,2,5,4,4,4,6,3,5,7,5,4,4,4,10,3,8,6,7,3,6,3,3,6,8,6,3,5,9,4,4,5,5,5,7,4,5,4,3,4,6,9,9,8,10,6,10,6,9,9,11,10,8,11,8,10,10,8,14,5,8,7,5,7,5,9,9,7,9,5,9,4,8,10,6,10,3,8,2,2,5,6,9,4,1,6,5,1,6,1,6,0,0,2,3,3,2,3,3,1,0,0,2,0,3,2,1,0,1,0,1,0,1,0,0,0,0,0,0,0,0,0,0,0,0,0,0,0,0,0,0,0,0
United_Kingdom_Suburbs_or_outskirts_of_big_city,0,0,1,1,3,4,3,5,8,5,7,6,11,8,7,5,5,7,9,13,7,12,10,20,8,12,9,13,11,23,15,20,18,23,14,18,12,24,12,19,19,20,16,22,26,17,20,18,15,25,13,26,19,12,13,11,25,11,19,15,15,15,14,15,21,20,15,20,19,18,12,13,20,21,14,17,19,12,22,15,14,16,18,18,16,18,21,19,17,24,13,14,10,22,16,17,22,14,15,24,17,15,14,16,19,14,21,12,15,16,14,11,14,8,17,17,11,11,10,16,15,13,12,11,14,14,13,13,9,13,4,13,9,16,3,9,10,15,6,8,5,10,4,9,0,2,3,8,0,1,5,4,2,0,2,3,1,0,0,2,1,0,0,0,0,0,0,1,0,0
United_Kingdom_Town_or_small_city,0,0,0,4,6,5,6,11,5,8,2,5,7,10,9,10,7,9,7,17,11,19,9,11,8,13,13,18,12,15,12,16,10,19,10,16,9,17,7,16,13,20,13,26,16,19,15,13,12,21,15,9,15,15,13,21,15,18,15,13,14,19,14,17,12,19,17,6,16,8,12,11,10,26,9,18,17,17,13,23,9,11,9,12,16,12,17,15,9,6,6,20,16,21,13,10,5,6,14,19,14,21,14,10,15,13,8,12,14,9,12,10,7,9,11,14,12,13,5,6,10,8,16,9,9,8,7,7,9,10,3,5,1,2,6,4,8,6,7,6,4,6,4,3,1,4,4,3,1,1,3,3,2,1,3,0,0,1,0,2,0,0,0,0,0,0,0,0,0,0
